step,CoM_x,CoM_y,bit_count,state_hash
0,63.333333,63.666667,3,34ed349a130f228f
1,63.333333,64.000000,3,a2aed0ec9e5aa2d8
2,63.666667,63.666667,3,44d3ed4deb4ac7b8
3,63.666667,64.000000,3,f067db67410ca6a5
4,63.333333,64.333333,3,418cf1275861566f
5,63.333333,64.000000,3,a2aed0ec9e5aa2d8
6,63.666667,63.666667,3,44d3ed4deb4ac7b8
7,63.666667,64.000000,3,f067db67410ca6a5
8,63.333333,64.333333,3,418cf1275861566f
9,63.333333,64.000000,3,a2aed0ec9e5aa2d8
10,63.666667,63.666667,3,44d3ed4deb4ac7b8
11,63.666667,64.000000,3,f067db67410ca6a5
12,63.333333,64.333333,3,418cf1275861566f
13,63.333333,64.000000,3,a2aed0ec9e5aa2d8
14,63.666667,63.666667,3,44d3ed4deb4ac7b8
15,63.666667,64.000000,3,f067db67410ca6a5
16,63.333333,64.333333,3,418cf1275861566f
17,63.333333,64.000000,3,a2aed0ec9e5aa2d8
18,63.666667,63.666667,3,44d3ed4deb4ac7b8
19,63.666667,64.000000,3,f067db67410ca6a5
20,63.333333,64.333333,3,418cf1275861566f
21,63.333333,64.000000,3,a2aed0ec9e5aa2d8
22,63.666667,63.666667,3,44d3ed4deb4ac7b8
23,63.666667,64.000000,3,f067db67410ca6a5
24,63.333333,64.333333,3,418cf1275861566f
25,63.333333,64.000000,3,a2aed0ec9e5aa2d8
26,63.666667,63.666667,3,44d3ed4deb4ac7b8
27,63.666667,64.000000,3,f067db67410ca6a5
28,63.333333,64.333333,3,418cf1275861566f
29,63.333333,64.000000,3,a2aed0ec9e5aa2d8
30,63.666667,63.666667,3,44d3ed4deb4ac7b8
31,63.666667,64.000000,3,f067db67410ca6a5
32,63.333333,64.333333,3,418cf1275861566f
33,63.333333,64.000000,3,a2aed0ec9e5aa2d8
34,63.666667,63.666667,3,44d3ed4deb4ac7b8
35,63.666667,64.000000,3,f067db67410ca6a5
36,63.333333,64.333333,3,418cf1275861566f
37,63.333333,64.000000,3,a2aed0ec9e5aa2d8
38,63.666667,63.666667,3,44d3ed4deb4ac7b8
39,63.666667,64.000000,3,f067db67410ca6a5
40,63.333333,64.333333,3,418cf1275861566f
41,63.333333,64.000000,3,a2aed0ec9e5aa2d8
42,63.666667,63.666667,3,44d3ed4deb4ac7b8
43,63.666667,64.000000,3,f067db67410ca6a5
44,63.333333,64.333333,3,418cf1275861566f
45,63.333333,64.000000,3,a2aed0ec9e5aa2d8
46,63.666667,63.666667,3,44d3ed4deb4ac7b8
47,63.666667,64.000000,3,f067db67410ca6a5
48,63.333333,64.333333,3,418cf1275861566f
49,63.333333,64.000000,3,a2aed0ec9e5aa2d8
50,63.666667,63.666667,3,44d3ed4deb4ac7b8
51,63.666667,64.000000,3,f067db67410ca6a5
52,63.333333,64.333333,3,418cf1275861566f
53,63.333333,64.000000,3,a2aed0ec9e5aa2d8
54,63.666667,63.666667,3,44d3ed4deb4ac7b8
55,63.666667,64.000000,3,f067db67410ca6a5
56,63.333333,64.333333,3,418cf1275861566f
57,63.333333,64.000000,3,a2aed0ec9e5aa2d8
58,63.666667,63.666667,3,44d3ed4deb4ac7b8
59,63.666667,64.000000,3,f067db67410ca6a5
60,63.333333,64.333333,3,418cf1275861566f
61,63.333333,64.000000,3,a2aed0ec9e5aa2d8
62,63.666667,63.666667,3,44d3ed4deb4ac7b8
63,63.666667,64.000000,3,f067db67410ca6a5
64,63.333333,64.333333,3,418cf1275861566f
65,63.333333,64.000000,3,a2aed0ec9e5aa2d8
66,63.666667,63.666667,3,44d3ed4deb4ac7b8
67,63.666667,64.000000,3,f067db67410ca6a5
68,63.333333,64.333333,3,418cf1275861566f
69,63.333333,64.000000,3,a2aed0ec9e5aa2d8
70,63.666667,63.666667,3,44d3ed4deb4ac7b8
71,63.666667,64.000000,3,f067db67410ca6a5
72,63.333333,64.333333,3,418cf1275861566f
73,63.333333,64.000000,3,a2aed0ec9e5aa2d8
74,63.666667,63.666667,3,44d3ed4deb4ac7b8
75,63.666667,64.000000,3,f067db67410ca6a5
76,63.333333,64.333333,3,418cf1275861566f
77,63.333333,64.000000,3,a2aed0ec9e5aa2d8
78,63.666667,63.666667,3,44d3ed4deb4ac7b8
79,63.666667,64.000000,3,f067db67410ca6a5
80,63.333333,64.333333,3,418cf1275861566f
81,63.333333,64.000000,3,a2aed0ec9e5aa2d8
82,63.666667,63.666667,3,44d3ed4deb4ac7b8
83,63.666667,64.000000,3,f067db67410ca6a5
84,63.333333,64.333333,3,418cf1275861566f
85,63.333333,64.000000,3,a2aed0ec9e5aa2d8
86,63.666667,63.666667,3,44d3ed4deb4ac7b8
87,63.666667,64.000000,3,f067db67410ca6a5
88,63.333333,64.333333,3,418cf1275861566f
89,63.333333,64.000000,3,a2aed0ec9e5aa2d8
90,63.666667,63.666667,3,44d3ed4deb4ac7b8
91,63.666667,64.000000,3,f067db67410ca6a5
92,63.333333,64.333333,3,418cf1275861566f
93,63.333333,64.000000,3,a2aed0ec9e5aa2d8
94,63.666667,63.666667,3,44d3ed4deb4ac7b8
95,63.666667,64.000000,3,f067db67410ca6a5
96,63.333333,64.333333,3,418cf1275861566f
97,63.333333,64.000000,3,a2aed0ec9e5aa2d8
98,63.666667,63.666667,3,44d3ed4deb4ac7b8
99,63.666667,64.000000,3,f067db67410ca6a5
100,63.333333,64.333333,3,418cf1275861566f
101,63.333333,64.000000,3,a2aed0ec9e5aa2d8
102,63.666667,63.666667,3,44d3ed4deb4ac7b8
103,63.666667,64.000000,3,f067db67410ca6a5
104,63.333333,64.333333,3,418cf1275861566f
105,63.333333,64.000000,3,a2aed0ec9e5aa2d8
106,63.666667,63.666667,3,44d3ed4deb4ac7b8
107,63.666667,64.000000,3,f067db67410ca6a5
108,63.333333,64.333333,3,418cf1275861566f
109,63.333333,64.000000,3,a2aed0ec9e5aa2d8
110,63.666667,63.666667,3,44d3ed4deb4ac7b8
111,63.666667,64.000000,3,f067db67410ca6a5
112,63.333333,64.333333,3,418cf1275861566f
113,63.333333,64.000000,3,a2aed0ec9e5aa2d8
114,63.666667,63.666667,3,44d3ed4deb4ac7b8
115,63.666667,64.000000,3,f067db67410ca6a5
116,63.333333,64.333333,3,418cf1275861566f
117,63.333333,64.000000,3,a2aed0ec9e5aa2d8
118,63.666667,63.666667,3,44d3ed4deb4ac7b8
119,63.666667,64.000000,3,f067db67410ca6a5
120,63.333333,64.333333,3,418cf1275861566f
121,63.333333,64.000000,3,a2aed0ec9e5aa2d8
122,63.666667,63.666667,3,44d3ed4deb4ac7b8
123,63.666667,64.000000,3,f067db67410ca6a5
124,63.333333,64.333333,3,418cf1275861566f
125,63.333333,64.000000,3,a2aed0ec9e5aa2d8
126,63.666667,63.666667,3,44d3ed4deb4ac7b8
127,63.666667,64.000000,3,f067db67410ca6a5
128,63.333333,64.333333,3,418cf1275861566f
129,63.333333,64.000000,3,a2aed0ec9e5aa2d8
130,63.666667,63.666667,3,44d3ed4deb4ac7b8
131,63.666667,64.000000,3,f067db67410ca6a5
132,63.333333,64.333333,3,418cf1275861566f
133,63.333333,64.000000,3,a2aed0ec9e5aa2d8
134,63.666667,63.666667,3,44d3ed4deb4ac7b8
135,63.666667,64.000000,3,f067db67410ca6a5
136,63.333333,64.333333,3,418cf1275861566f
137,63.333333,64.000000,3,a2aed0ec9e5aa2d8
138,63.666667,63.666667,3,44d3ed4deb4ac7b8
139,63.666667,64.000000,3,f067db67410ca6a5
140,63.333333,64.333333,3,418cf1275861566f
141,63.333333,64.000000,3,a2aed0ec9e5aa2d8
142,63.666667,63.666667,3,44d3ed4deb4ac7b8
143,63.666667,64.000000,3,f067db67410ca6a5
144,63.333333,64.333333,3,418cf1275861566f
145,63.333333,64.000000,3,a2aed0ec9e5aa2d8
146,63.666667,63.666667,3,44d3ed4deb4ac7b8
147,63.666667,64.000000,3,f067db67410ca6a5
148,63.333333,64.333333,3,418cf1275861566f
149,63.333333,64.000000,3,a2aed0ec9e5aa2d8
150,63.666667,63.666667,3,44d3ed4deb4ac7b8
151,63.666667,64.000000,3,f067db67410ca6a5
152,63.333333,64.333333,3,418cf1275861566f
153,63.333333,64.000000,3,a2aed0ec9e5aa2d8
154,63.666667,63.666667,3,44d3ed4deb4ac7b8
155,63.666667,64.000000,3,f067db67410ca6a5
156,63.333333,64.333333,3,418cf1275861566f
157,63.333333,64.000000,3,a2aed0ec9e5aa2d8
158,63.666667,63.666667,3,44d3ed4deb4ac7b8
159,63.666667,64.000000,3,f067db67410ca6a5
160,63.333333,64.333333,3,418cf1275861566f
161,63.333333,64.000000,3,a2aed0ec9e5aa2d8
162,63.666667,63.666667,3,44d3ed4deb4ac7b8
163,63.666667,64.000000,3,f067db67410ca6a5
164,63.333333,64.333333,3,418cf1275861566f
165,63.333333,64.000000,3,a2aed0ec9e5aa2d8
166,63.666667,63.666667,3,44d3ed4deb4ac7b8
167,63.666667,64.000000,3,f067db67410ca6a5
168,63.333333,64.333333,3,418cf1275861566f
169,63.333333,64.000000,3,a2aed0ec9e5aa2d8
170,63.666667,63.666667,3,44d3ed4deb4ac7b8
171,63.666667,64.000000,3,f067db67410ca6a5
172,63.333333,64.333333,3,418cf1275861566f
173,63.333333,64.000000,3,a2aed0ec9e5aa2d8
174,63.666667,63.666667,3,44d3ed4deb4ac7b8
175,63.666667,64.000000,3,f067db67410ca6a5
176,63.333333,64.333333,3,418cf1275861566f
177,63.333333,64.000000,3,a2aed0ec9e5aa2d8
178,63.666667,63.666667,3,44d3ed4deb4ac7b8
179,63.666667,64.000000,3,f067db67410ca6a5
180,63.333333,64.333333,3,418cf1275861566f
181,63.333333,64.000000,3,a2aed0ec9e5aa2d8
182,63.666667,63.666667,3,44d3ed4deb4ac7b8
183,63.666667,64.000000,3,f067db67410ca6a5
184,63.333333,64.333333,3,418cf1275861566f
185,63.333333,64.000000,3,a2aed0ec9e5aa2d8
186,63.666667,63.666667,3,44d3ed4deb4ac7b8
187,63.666667,64.000000,3,f067db67410ca6a5
188,63.333333,64.333333,3,418cf1275861566f
189,63.333333,64.000000,3,a2aed0ec9e5aa2d8
190,63.666667,63.666667,3,44d3ed4deb4ac7b8
191,63.666667,64.000000,3,f067db67410ca6a5
192,63.333333,64.333333,3,418cf1275861566f
193,63.333333,64.000000,3,a2aed0ec9e5aa2d8
194,63.666667,63.666667,3,44d3ed4deb4ac7b8
195,63.666667,64.000000,3,f067db67410ca6a5
196,63.333333,64.333333,3,418cf1275861566f
197,63.333333,64.000000,3,a2aed0ec9e5aa2d8
198,63.666667,63.666667,3,44d3ed4deb4ac7b8
199,63.666667,64.000000,3,f067db67410ca6a5
200,63.333333,64.333333,3,418cf1275861566f
201,63.333333,64.000000,3,a2aed0ec9e5aa2d8
202,63.666667,63.666667,3,44d3ed4deb4ac7b8
203,63.666667,64.000000,3,f067db67410ca6a5
204,63.333333,64.333333,3,418cf1275861566f
205,63.333333,64.000000,3,a2aed0ec9e5aa2d8
206,63.666667,63.666667,3,44d3ed4deb4ac7b8
207,63.666667,64.000000,3,f067db67410ca6a5
208,63.333333,64.333333,3,418cf1275861566f
209,63.333333,64.000000,3,a2aed0ec9e5aa2d8
210,63.666667,63.666667,3,44d3ed4deb4ac7b8
211,63.666667,64.000000,3,f067db67410ca6a5
212,63.333333,64.333333,3,418cf1275861566f
213,63.333333,64.000000,3,a2aed0ec9e5aa2d8
214,63.666667,63.666667,3,44d3ed4deb4ac7b8
215,63.666667,64.000000,3,f067db67410ca6a5
216,63.333333,64.333333,3,418cf1275861566f
217,63.333333,64.000000,3,a2aed0ec9e5aa2d8
218,63.666667,63.666667,3,44d3ed4deb4ac7b8
219,63.666667,64.000000,3,f067db67410ca6a5
220,63.333333,64.333333,3,418cf1275861566f
221,63.333333,64.000000,3,a2aed0ec9e5aa2d8
222,63.666667,63.666667,3,44d3ed4deb4ac7b8
223,63.666667,64.000000,3,f067db67410ca6a5
224,63.333333,64.333333,3,418cf1275861566f
225,63.333333,64.000000,3,a2aed0ec9e5aa2d8
226,63.666667,63.666667,3,44d3ed4deb4ac7b8
227,63.666667,64.000000,3,f067db67410ca6a5
228,63.333333,64.333333,3,418cf1275861566f
229,63.333333,64.000000,3,a2aed0ec9e5aa2d8
230,63.666667,63.666667,3,44d3ed4deb4ac7b8
231,63.666667,64.000000,3,f067db67410ca6a5
232,63.333333,64.333333,3,418cf1275861566f
233,63.333333,64.000000,3,a2aed0ec9e5aa2d8
234,63.666667,63.666667,3,44d3ed4deb4ac7b8
235,63.666667,64.000000,3,f067db67410ca6a5
236,63.333333,64.333333,3,418cf1275861566f
237,63.333333,64.000000,3,a2aed0ec9e5aa2d8
238,63.666667,63.666667,3,44d3ed4deb4ac7b8
239,63.666667,64.000000,3,f067db67410ca6a5
240,63.333333,64.333333,3,418cf1275861566f
241,63.333333,64.000000,3,a2aed0ec9e5aa2d8
242,63.666667,63.666667,3,44d3ed4deb4ac7b8
243,63.666667,64.000000,3,f067db67410ca6a5
244,63.333333,64.333333,3,418cf1275861566f
245,63.333333,64.000000,3,a2aed0ec9e5aa2d8
246,63.666667,63.666667,3,44d3ed4deb4ac7b8
247,63.666667,64.000000,3,f067db67410ca6a5
248,63.333333,64.333333,3,418cf1275861566f
249,63.333333,64.000000,3,a2aed0ec9e5aa2d8
250,63.666667,63.666667,3,44d3ed4deb4ac7b8
251,63.666667,64.000000,3,f067db67410ca6a5
252,63.333333,64.333333,3,418cf1275861566f
253,63.333333,64.000000,3,a2aed0ec9e5aa2d8
254,63.666667,63.666667,3,44d3ed4deb4ac7b8
255,63.666667,64.000000,3,f067db67410ca6a5
256,63.333333,64.333333,3,418cf1275861566f
257,63.333333,64.000000,3,a2aed0ec9e5aa2d8
258,63.666667,63.666667,3,44d3ed4deb4ac7b8
259,63.666667,64.000000,3,f067db67410ca6a5
260,63.333333,64.333333,3,418cf1275861566f
261,63.333333,64.000000,3,a2aed0ec9e5aa2d8
262,63.666667,63.666667,3,44d3ed4deb4ac7b8
263,63.666667,64.000000,3,f067db67410ca6a5
264,63.333333,64.333333,3,418cf1275861566f
265,63.333333,64.000000,3,a2aed0ec9e5aa2d8
266,63.666667,63.666667,3,44d3ed4deb4ac7b8
267,63.666667,64.000000,3,f067db67410ca6a5
268,63.333333,64.333333,3,418cf1275861566f
269,63.333333,64.000000,3,a2aed0ec9e5aa2d8
270,63.666667,63.666667,3,44d3ed4deb4ac7b8
271,63.666667,64.000000,3,f067db67410ca6a5
272,63.333333,64.333333,3,418cf1275861566f
273,63.333333,64.000000,3,a2aed0ec9e5aa2d8
274,63.666667,63.666667,3,44d3ed4deb4ac7b8
275,63.666667,64.000000,3,f067db67410ca6a5
276,63.333333,64.333333,3,418cf1275861566f
277,63.333333,64.000000,3,a2aed0ec9e5aa2d8
278,63.666667,63.666667,3,44d3ed4deb4ac7b8
279,63.666667,64.000000,3,f067db67410ca6a5
280,63.333333,64.333333,3,418cf1275861566f
281,63.333333,64.000000,3,a2aed0ec9e5aa2d8
282,63.666667,63.666667,3,44d3ed4deb4ac7b8
283,63.666667,64.000000,3,f067db67410ca6a5
284,63.333333,64.333333,3,418cf1275861566f
285,63.333333,64.000000,3,a2aed0ec9e5aa2d8
286,63.666667,63.666667,3,44d3ed4deb4ac7b8
287,63.666667,64.000000,3,f067db67410ca6a5
288,63.333333,64.333333,3,418cf1275861566f
289,63.333333,64.000000,3,a2aed0ec9e5aa2d8
290,63.666667,63.666667,3,44d3ed4deb4ac7b8
291,63.666667,64.000000,3,f067db67410ca6a5
292,63.333333,64.333333,3,418cf1275861566f
293,63.333333,64.000000,3,a2aed0ec9e5aa2d8
294,63.666667,63.666667,3,44d3ed4deb4ac7b8
295,63.666667,64.000000,3,f067db67410ca6a5
296,63.333333,64.333333,3,418cf1275861566f
297,63.333333,64.000000,3,a2aed0ec9e5aa2d8
298,63.666667,63.666667,3,44d3ed4deb4ac7b8
299,63.666667,64.000000,3,f067db67410ca6a5
300,63.333333,64.333333,3,418cf1275861566f
301,63.333333,64.000000,3,a2aed0ec9e5aa2d8
302,63.666667,63.666667,3,44d3ed4deb4ac7b8
303,63.666667,64.000000,3,f067db67410ca6a5
304,63.333333,64.333333,3,418cf1275861566f
305,63.333333,64.000000,3,a2aed0ec9e5aa2d8
306,63.666667,63.666667,3,44d3ed4deb4ac7b8
307,63.666667,64.000000,3,f067db67410ca6a5
308,63.333333,64.333333,3,418cf1275861566f
309,63.333333,64.000000,3,a2aed0ec9e5aa2d8
310,63.666667,63.666667,3,44d3ed4deb4ac7b8
311,63.666667,64.000000,3,f067db67410ca6a5
312,63.333333,64.333333,3,418cf1275861566f
313,63.333333,64.000000,3,a2aed0ec9e5aa2d8
314,63.666667,63.666667,3,44d3ed4deb4ac7b8
315,63.666667,64.000000,3,f067db67410ca6a5
316,63.333333,64.333333,3,418cf1275861566f
317,63.333333,64.000000,3,a2aed0ec9e5aa2d8
318,63.666667,63.666667,3,44d3ed4deb4ac7b8
319,63.666667,64.000000,3,f067db67410ca6a5
320,63.333333,64.333333,3,418cf1275861566f
321,63.333333,64.000000,3,a2aed0ec9e5aa2d8
322,63.666667,63.666667,3,44d3ed4deb4ac7b8
323,63.666667,64.000000,3,f067db67410ca6a5
324,63.333333,64.333333,3,418cf1275861566f
325,63.333333,64.000000,3,a2aed0ec9e5aa2d8
326,63.666667,63.666667,3,44d3ed4deb4ac7b8
327,63.666667,64.000000,3,f067db67410ca6a5
328,63.333333,64.333333,3,418cf1275861566f
329,63.333333,64.000000,3,a2aed0ec9e5aa2d8
330,63.666667,63.666667,3,44d3ed4deb4ac7b8
331,63.666667,64.000000,3,f067db67410ca6a5
332,63.333333,64.333333,3,418cf1275861566f
333,63.333333,64.000000,3,a2aed0ec9e5aa2d8
334,63.666667,63.666667,3,44d3ed4deb4ac7b8
335,63.666667,64.000000,3,f067db67410ca6a5
336,63.333333,64.333333,3,418cf1275861566f
337,63.333333,64.000000,3,a2aed0ec9e5aa2d8
338,63.666667,63.666667,3,44d3ed4deb4ac7b8
339,63.666667,64.000000,3,f067db67410ca6a5
340,63.333333,64.333333,3,418cf1275861566f
341,63.333333,64.000000,3,a2aed0ec9e5aa2d8
342,63.666667,63.666667,3,44d3ed4deb4ac7b8
343,63.666667,64.000000,3,f067db67410ca6a5
344,63.333333,64.333333,3,418cf1275861566f
345,63.333333,64.000000,3,a2aed0ec9e5aa2d8
346,63.666667,63.666667,3,44d3ed4deb4ac7b8
347,63.666667,64.000000,3,f067db67410ca6a5
348,63.333333,64.333333,3,418cf1275861566f
349,63.333333,64.000000,3,a2aed0ec9e5aa2d8
350,63.666667,63.666667,3,44d3ed4deb4ac7b8
351,63.666667,64.000000,3,f067db67410ca6a5
352,63.333333,64.333333,3,418cf1275861566f
353,63.333333,64.000000,3,a2aed0ec9e5aa2d8
354,63.666667,63.666667,3,44d3ed4deb4ac7b8
355,63.666667,64.000000,3,f067db67410ca6a5
356,63.333333,64.333333,3,418cf1275861566f
357,63.333333,64.000000,3,a2aed0ec9e5aa2d8
358,63.666667,63.666667,3,44d3ed4deb4ac7b8
359,63.666667,64.000000,3,f067db67410ca6a5
360,63.333333,64.333333,3,418cf1275861566f
361,63.333333,64.000000,3,a2aed0ec9e5aa2d8
362,63.666667,63.666667,3,44d3ed4deb4ac7b8
363,63.666667,64.000000,3,f067db67410ca6a5
364,63.333333,64.333333,3,418cf1275861566f
365,63.333333,64.000000,3,a2aed0ec9e5aa2d8
366,63.666667,63.666667,3,44d3ed4deb4ac7b8
367,63.666667,64.000000,3,f067db67410ca6a5
368,63.333333,64.333333,3,418cf1275861566f
369,63.333333,64.000000,3,a2aed0ec9e5aa2d8
370,63.666667,63.666667,3,44d3ed4deb4ac7b8
371,63.666667,64.000000,3,f067db67410ca6a5
372,63.333333,64.333333,3,418cf1275861566f
373,63.333333,64.000000,3,a2aed0ec9e5aa2d8
374,63.666667,63.666667,3,44d3ed4deb4ac7b8
375,63.666667,64.000000,3,f067db67410ca6a5
376,63.333333,64.333333,3,418cf1275861566f
377,63.333333,64.000000,3,a2aed0ec9e5aa2d8
378,63.666667,63.666667,3,44d3ed4deb4ac7b8
379,63.666667,64.000000,3,f067db67410ca6a5
380,63.333333,64.333333,3,418cf1275861566f
381,63.333333,64.000000,3,a2aed0ec9e5aa2d8
382,63.666667,63.666667,3,44d3ed4deb4ac7b8
383,63.666667,64.000000,3,f067db67410ca6a5
384,63.333333,64.333333,3,418cf1275861566f
385,63.333333,64.000000,3,a2aed0ec9e5aa2d8
386,63.666667,63.666667,3,44d3ed4deb4ac7b8
387,63.666667,64.000000,3,f067db67410ca6a5
388,63.333333,64.333333,3,418cf1275861566f
389,63.333333,64.000000,3,a2aed0ec9e5aa2d8
390,63.666667,63.666667,3,44d3ed4deb4ac7b8
391,63.666667,64.000000,3,f067db67410ca6a5
392,63.333333,64.333333,3,418cf1275861566f
393,63.333333,64.000000,3,a2aed0ec9e5aa2d8
394,63.666667,63.666667,3,44d3ed4deb4ac7b8
395,63.666667,64.000000,3,f067db67410ca6a5
396,63.333333,64.333333,3,418cf1275861566f
397,63.333333,64.000000,3,a2aed0ec9e5aa2d8
398,63.666667,63.666667,3,44d3ed4deb4ac7b8
399,63.666667,64.000000,3,f067db67410ca6a5
400,63.333333,64.333333,3,418cf1275861566f
401,63.333333,64.000000,3,a2aed0ec9e5aa2d8
402,63.666667,63.666667,3,44d3ed4deb4ac7b8
403,63.666667,64.000000,3,f067db67410ca6a5
404,63.333333,64.333333,3,418cf1275861566f
405,63.333333,64.000000,3,a2aed0ec9e5aa2d8
406,63.666667,63.666667,3,44d3ed4deb4ac7b8
407,63.666667,64.000000,3,f067db67410ca6a5
408,63.333333,64.333333,3,418cf1275861566f
409,63.333333,64.000000,3,a2aed0ec9e5aa2d8
410,63.666667,63.666667,3,44d3ed4deb4ac7b8
411,63.666667,64.000000,3,f067db67410ca6a5
412,63.333333,64.333333,3,418cf1275861566f
413,63.333333,64.000000,3,a2aed0ec9e5aa2d8
414,63.666667,63.666667,3,44d3ed4deb4ac7b8
415,63.666667,64.000000,3,f067db67410ca6a5
416,63.333333,64.333333,3,418cf1275861566f
417,63.333333,64.000000,3,a2aed0ec9e5aa2d8
418,63.666667,63.666667,3,44d3ed4deb4ac7b8
419,63.666667,64.000000,3,f067db67410ca6a5
420,63.333333,64.333333,3,418cf1275861566f
421,63.333333,64.000000,3,a2aed0ec9e5aa2d8
422,63.666667,63.666667,3,44d3ed4deb4ac7b8
423,63.666667,64.000000,3,f067db67410ca6a5
424,63.333333,64.333333,3,418cf1275861566f
425,63.333333,64.000000,3,a2aed0ec9e5aa2d8
426,63.666667,63.666667,3,44d3ed4deb4ac7b8
427,63.666667,64.000000,3,f067db67410ca6a5
428,63.333333,64.333333,3,418cf1275861566f
429,63.333333,64.000000,3,a2aed0ec9e5aa2d8
430,63.666667,63.666667,3,44d3ed4deb4ac7b8
431,63.666667,64.000000,3,f067db67410ca6a5
432,63.333333,64.333333,3,418cf1275861566f
433,63.333333,64.000000,3,a2aed0ec9e5aa2d8
434,63.666667,63.666667,3,44d3ed4deb4ac7b8
435,63.666667,64.000000,3,f067db67410ca6a5
436,63.333333,64.333333,3,418cf1275861566f
437,63.333333,64.000000,3,a2aed0ec9e5aa2d8
438,63.666667,63.666667,3,44d3ed4deb4ac7b8
439,63.666667,64.000000,3,f067db67410ca6a5
440,63.333333,64.333333,3,418cf1275861566f
441,63.333333,64.000000,3,a2aed0ec9e5aa2d8
442,63.666667,63.666667,3,44d3ed4deb4ac7b8
443,63.666667,64.000000,3,f067db67410ca6a5
444,63.333333,64.333333,3,418cf1275861566f
445,63.333333,64.000000,3,a2aed0ec9e5aa2d8
446,63.666667,63.666667,3,44d3ed4deb4ac7b8
447,63.666667,64.000000,3,f067db67410ca6a5
448,63.333333,64.333333,3,418cf1275861566f
449,63.333333,64.000000,3,a2aed0ec9e5aa2d8
450,63.666667,63.666667,3,44d3ed4deb4ac7b8
451,63.666667,64.000000,3,f067db67410ca6a5
452,63.333333,64.333333,3,418cf1275861566f
453,63.333333,64.000000,3,a2aed0ec9e5aa2d8
454,63.666667,63.666667,3,44d3ed4deb4ac7b8
455,63.666667,64.000000,3,f067db67410ca6a5
456,63.333333,64.333333,3,418cf1275861566f
457,63.333333,64.000000,3,a2aed0ec9e5aa2d8
458,63.666667,63.666667,3,44d3ed4deb4ac7b8
459,63.666667,64.000000,3,f067db67410ca6a5
460,63.333333,64.333333,3,418cf1275861566f
461,63.333333,64.000000,3,a2aed0ec9e5aa2d8
462,63.666667,63.666667,3,44d3ed4deb4ac7b8
463,63.666667,64.000000,3,f067db67410ca6a5
464,63.333333,64.333333,3,418cf1275861566f
465,63.333333,64.000000,3,a2aed0ec9e5aa2d8
466,63.666667,63.666667,3,44d3ed4deb4ac7b8
467,63.666667,64.000000,3,f067db67410ca6a5
468,63.333333,64.333333,3,418cf1275861566f
469,63.333333,64.000000,3,a2aed0ec9e5aa2d8
470,63.666667,63.666667,3,44d3ed4deb4ac7b8
471,63.666667,64.000000,3,f067db67410ca6a5
472,63.333333,64.333333,3,418cf1275861566f
473,63.333333,64.000000,3,a2aed0ec9e5aa2d8
474,63.666667,63.666667,3,44d3ed4deb4ac7b8
475,63.666667,64.000000,3,f067db67410ca6a5
476,63.333333,64.333333,3,418cf1275861566f
477,63.333333,64.000000,3,a2aed0ec9e5aa2d8
478,63.666667,63.666667,3,44d3ed4deb4ac7b8
479,63.666667,64.000000,3,f067db67410ca6a5
480,63.333333,64.333333,3,418cf1275861566f
481,63.333333,64.000000,3,a2aed0ec9e5aa2d8
482,63.666667,63.666667,3,44d3ed4deb4ac7b8
483,63.666667,64.000000,3,f067db67410ca6a5
484,63.333333,64.333333,3,418cf1275861566f
485,63.333333,64.000000,3,a2aed0ec9e5aa2d8
486,63.666667,63.666667,3,44d3ed4deb4ac7b8
487,63.666667,64.000000,3,f067db67410ca6a5
488,63.333333,64.333333,3,418cf1275861566f
489,63.333333,64.000000,3,a2aed0ec9e5aa2d8
490,63.666667,63.666667,3,44d3ed4deb4ac7b8
491,63.666667,64.000000,3,f067db67410ca6a5
492,63.333333,64.333333,3,418cf1275861566f
493,63.333333,64.000000,3,a2aed0ec9e5aa2d8
494,63.666667,63.666667,3,44d3ed4deb4ac7b8
495,63.666667,64.000000,3,f067db67410ca6a5
496,63.333333,64.333333,3,418cf1275861566f
497,63.333333,64.000000,3,a2aed0ec9e5aa2d8
498,63.666667,63.666667,3,44d3ed4deb4ac7b8
499,63.666667,64.000000,3,f067db67410ca6a5
500,63.333333,64.333333,3,418cf1275861566f
501,63.333333,64.000000,3,a2aed0ec9e5aa2d8
502,63.666667,63.666667,3,44d3ed4deb4ac7b8
503,63.666667,64.000000,3,f067db67410ca6a5
504,63.333333,64.333333,3,418cf1275861566f
505,63.333333,64.000000,3,a2aed0ec9e5aa2d8
506,63.666667,63.666667,3,44d3ed4deb4ac7b8
507,63.666667,64.000000,3,f067db67410ca6a5
508,63.333333,64.333333,3,418cf1275861566f
509,63.333333,64.000000,3,a2aed0ec9e5aa2d8
510,63.666667,63.666667,3,44d3ed4deb4ac7b8
511,63.666667,64.000000,3,f067db67410ca6a5
512,63.333333,64.333333,3,418cf1275861566f
513,63.333333,64.000000,3,a2aed0ec9e5aa2d8
514,63.666667,63.666667,3,44d3ed4deb4ac7b8
515,63.666667,64.000000,3,f067db67410ca6a5
516,63.333333,64.333333,3,418cf1275861566f
517,63.333333,64.000000,3,a2aed0ec9e5aa2d8
518,63.666667,63.666667,3,44d3ed4deb4ac7b8
519,63.666667,64.000000,3,f067db67410ca6a5
520,63.333333,64.333333,3,418cf1275861566f
521,63.333333,64.000000,3,a2aed0ec9e5aa2d8
522,63.666667,63.666667,3,44d3ed4deb4ac7b8
523,63.666667,64.000000,3,f067db67410ca6a5
524,63.333333,64.333333,3,418cf1275861566f
525,63.333333,64.000000,3,a2aed0ec9e5aa2d8
526,63.666667,63.666667,3,44d3ed4deb4ac7b8
527,63.666667,64.000000,3,f067db67410ca6a5
528,63.333333,64.333333,3,418cf1275861566f
529,63.333333,64.000000,3,a2aed0ec9e5aa2d8
530,63.666667,63.666667,3,44d3ed4deb4ac7b8
531,63.666667,64.000000,3,f067db67410ca6a5
532,63.333333,64.333333,3,418cf1275861566f
533,63.333333,64.000000,3,a2aed0ec9e5aa2d8
534,63.666667,63.666667,3,44d3ed4deb4ac7b8
535,63.666667,64.000000,3,f067db67410ca6a5
536,63.333333,64.333333,3,418cf1275861566f
537,63.333333,64.000000,3,a2aed0ec9e5aa2d8
538,63.666667,63.666667,3,44d3ed4deb4ac7b8
539,63.666667,64.000000,3,f067db67410ca6a5
540,63.333333,64.333333,3,418cf1275861566f
541,63.333333,64.000000,3,a2aed0ec9e5aa2d8
542,63.666667,63.666667,3,44d3ed4deb4ac7b8
543,63.666667,64.000000,3,f067db67410ca6a5
544,63.333333,64.333333,3,418cf1275861566f
545,63.333333,64.000000,3,a2aed0ec9e5aa2d8
546,63.666667,63.666667,3,44d3ed4deb4ac7b8
547,63.666667,64.000000,3,f067db67410ca6a5
548,63.333333,64.333333,3,418cf1275861566f
549,63.333333,64.000000,3,a2aed0ec9e5aa2d8
550,63.666667,63.666667,3,44d3ed4deb4ac7b8
551,63.666667,64.000000,3,f067db67410ca6a5
552,63.333333,64.333333,3,418cf1275861566f
553,63.333333,64.000000,3,a2aed0ec9e5aa2d8
554,63.666667,63.666667,3,44d3ed4deb4ac7b8
555,63.666667,64.000000,3,f067db67410ca6a5
556,63.333333,64.333333,3,418cf1275861566f
557,63.333333,64.000000,3,a2aed0ec9e5aa2d8
558,63.666667,63.666667,3,44d3ed4deb4ac7b8
559,63.666667,64.000000,3,f067db67410ca6a5
560,63.333333,64.333333,3,418cf1275861566f
561,63.333333,64.000000,3,a2aed0ec9e5aa2d8
562,63.666667,63.666667,3,44d3ed4deb4ac7b8
563,63.666667,64.000000,3,f067db67410ca6a5
564,63.333333,64.333333,3,418cf1275861566f
565,63.333333,64.000000,3,a2aed0ec9e5aa2d8
566,63.666667,63.666667,3,44d3ed4deb4ac7b8
567,63.666667,64.000000,3,f067db67410ca6a5
568,63.333333,64.333333,3,418cf1275861566f
569,63.333333,64.000000,3,a2aed0ec9e5aa2d8
570,63.666667,63.666667,3,44d3ed4deb4ac7b8
571,63.666667,64.000000,3,f067db67410ca6a5
572,63.333333,64.333333,3,418cf1275861566f
573,63.333333,64.000000,3,a2aed0ec9e5aa2d8
574,63.666667,63.666667,3,44d3ed4deb4ac7b8
575,63.666667,64.000000,3,f067db67410ca6a5
576,63.333333,64.333333,3,418cf1275861566f
577,63.333333,64.000000,3,a2aed0ec9e5aa2d8
578,63.666667,63.666667,3,44d3ed4deb4ac7b8
579,63.666667,64.000000,3,f067db67410ca6a5
580,63.333333,64.333333,3,418cf1275861566f
581,63.333333,64.000000,3,a2aed0ec9e5aa2d8
582,63.666667,63.666667,3,44d3ed4deb4ac7b8
583,63.666667,64.000000,3,f067db67410ca6a5
584,63.333333,64.333333,3,418cf1275861566f
585,63.333333,64.000000,3,a2aed0ec9e5aa2d8
586,63.666667,63.666667,3,44d3ed4deb4ac7b8
587,63.666667,64.000000,3,f067db67410ca6a5
588,63.333333,64.333333,3,418cf1275861566f
589,63.333333,64.000000,3,a2aed0ec9e5aa2d8
590,63.666667,63.666667,3,44d3ed4deb4ac7b8
591,63.666667,64.000000,3,f067db67410ca6a5
592,63.333333,64.333333,3,418cf1275861566f
593,63.333333,64.000000,3,a2aed0ec9e5aa2d8
594,63.666667,63.666667,3,44d3ed4deb4ac7b8
595,63.666667,64.000000,3,f067db67410ca6a5
596,63.333333,64.333333,3,418cf1275861566f
597,63.333333,64.000000,3,a2aed0ec9e5aa2d8
598,63.666667,63.666667,3,44d3ed4deb4ac7b8
599,63.666667,64.000000,3,f067db67410ca6a5
600,63.333333,64.333333,3,418cf1275861566f
601,63.333333,64.000000,3,a2aed0ec9e5aa2d8
602,63.666667,63.666667,3,44d3ed4deb4ac7b8
603,63.666667,64.000000,3,f067db67410ca6a5
604,63.333333,64.333333,3,418cf1275861566f
605,63.333333,64.000000,3,a2aed0ec9e5aa2d8
606,63.666667,63.666667,3,44d3ed4deb4ac7b8
607,63.666667,64.000000,3,f067db67410ca6a5
608,63.333333,64.333333,3,418cf1275861566f
609,63.333333,64.000000,3,a2aed0ec9e5aa2d8
610,63.666667,63.666667,3,44d3ed4deb4ac7b8
611,63.666667,64.000000,3,f067db67410ca6a5
612,63.333333,64.333333,3,418cf1275861566f
613,63.333333,64.000000,3,a2aed0ec9e5aa2d8
614,63.666667,63.666667,3,44d3ed4deb4ac7b8
615,63.666667,64.000000,3,f067db67410ca6a5
616,63.333333,64.333333,3,418cf1275861566f
617,63.333333,64.000000,3,a2aed0ec9e5aa2d8
618,63.666667,63.666667,3,44d3ed4deb4ac7b8
619,63.666667,64.000000,3,f067db67410ca6a5
620,63.333333,64.333333,3,418cf1275861566f
621,63.333333,64.000000,3,a2aed0ec9e5aa2d8
622,63.666667,63.666667,3,44d3ed4deb4ac7b8
623,63.666667,64.000000,3,f067db67410ca6a5
624,63.333333,64.333333,3,418cf1275861566f
625,63.333333,64.000000,3,a2aed0ec9e5aa2d8
626,63.666667,63.666667,3,44d3ed4deb4ac7b8
627,63.666667,64.000000,3,f067db67410ca6a5
628,63.333333,64.333333,3,418cf1275861566f
629,63.333333,64.000000,3,a2aed0ec9e5aa2d8
630,63.666667,63.666667,3,44d3ed4deb4ac7b8
631,63.666667,64.000000,3,f067db67410ca6a5
632,63.333333,64.333333,3,418cf1275861566f
633,63.333333,64.000000,3,a2aed0ec9e5aa2d8
634,63.666667,63.666667,3,44d3ed4deb4ac7b8
635,63.666667,64.000000,3,f067db67410ca6a5
636,63.333333,64.333333,3,418cf1275861566f
637,63.333333,64.000000,3,a2aed0ec9e5aa2d8
638,63.666667,63.666667,3,44d3ed4deb4ac7b8
639,63.666667,64.000000,3,f067db67410ca6a5
640,63.333333,64.333333,3,418cf1275861566f
641,63.333333,64.000000,3,a2aed0ec9e5aa2d8
642,63.666667,63.666667,3,44d3ed4deb4ac7b8
643,63.666667,64.000000,3,f067db67410ca6a5
644,63.333333,64.333333,3,418cf1275861566f
645,63.333333,64.000000,3,a2aed0ec9e5aa2d8
646,63.666667,63.666667,3,44d3ed4deb4ac7b8
647,63.666667,64.000000,3,f067db67410ca6a5
648,63.333333,64.333333,3,418cf1275861566f
649,63.333333,64.000000,3,a2aed0ec9e5aa2d8
650,63.666667,63.666667,3,44d3ed4deb4ac7b8
651,63.666667,64.000000,3,f067db67410ca6a5
652,63.333333,64.333333,3,418cf1275861566f
653,63.333333,64.000000,3,a2aed0ec9e5aa2d8
654,63.666667,63.666667,3,44d3ed4deb4ac7b8
655,63.666667,64.000000,3,f067db67410ca6a5
656,63.333333,64.333333,3,418cf1275861566f
657,63.333333,64.000000,3,a2aed0ec9e5aa2d8
658,63.666667,63.666667,3,44d3ed4deb4ac7b8
659,63.666667,64.000000,3,f067db67410ca6a5
660,63.333333,64.333333,3,418cf1275861566f
661,63.333333,64.000000,3,a2aed0ec9e5aa2d8
662,63.666667,63.666667,3,44d3ed4deb4ac7b8
663,63.666667,64.000000,3,f067db67410ca6a5
664,63.333333,64.333333,3,418cf1275861566f
665,63.333333,64.000000,3,a2aed0ec9e5aa2d8
666,63.666667,63.666667,3,44d3ed4deb4ac7b8
667,63.666667,64.000000,3,f067db67410ca6a5
668,63.333333,64.333333,3,418cf1275861566f
669,63.333333,64.000000,3,a2aed0ec9e5aa2d8
670,63.666667,63.666667,3,44d3ed4deb4ac7b8
671,63.666667,64.000000,3,f067db67410ca6a5
672,63.333333,64.333333,3,418cf1275861566f
673,63.333333,64.000000,3,a2aed0ec9e5aa2d8
674,63.666667,63.666667,3,44d3ed4deb4ac7b8
675,63.666667,64.000000,3,f067db67410ca6a5
676,63.333333,64.333333,3,418cf1275861566f
677,63.333333,64.000000,3,a2aed0ec9e5aa2d8
678,63.666667,63.666667,3,44d3ed4deb4ac7b8
679,63.666667,64.000000,3,f067db67410ca6a5
680,63.333333,64.333333,3,418cf1275861566f
681,63.333333,64.000000,3,a2aed0ec9e5aa2d8
682,63.666667,63.666667,3,44d3ed4deb4ac7b8
683,63.666667,64.000000,3,f067db67410ca6a5
684,63.333333,64.333333,3,418cf1275861566f
685,63.333333,64.000000,3,a2aed0ec9e5aa2d8
686,63.666667,63.666667,3,44d3ed4deb4ac7b8
687,63.666667,64.000000,3,f067db67410ca6a5
688,63.333333,64.333333,3,418cf1275861566f
689,63.333333,64.000000,3,a2aed0ec9e5aa2d8
690,63.666667,63.666667,3,44d3ed4deb4ac7b8
691,63.666667,64.000000,3,f067db67410ca6a5
692,63.333333,64.333333,3,418cf1275861566f
693,63.333333,64.000000,3,a2aed0ec9e5aa2d8
694,63.666667,63.666667,3,44d3ed4deb4ac7b8
695,63.666667,64.000000,3,f067db67410ca6a5
696,63.333333,64.333333,3,418cf1275861566f
697,63.333333,64.000000,3,a2aed0ec9e5aa2d8
698,63.666667,63.666667,3,44d3ed4deb4ac7b8
699,63.666667,64.000000,3,f067db67410ca6a5
700,63.333333,64.333333,3,418cf1275861566f
701,63.333333,64.000000,3,a2aed0ec9e5aa2d8
702,63.666667,63.666667,3,44d3ed4deb4ac7b8
703,63.666667,64.000000,3,f067db67410ca6a5
704,63.333333,64.333333,3,418cf1275861566f
705,63.333333,64.000000,3,a2aed0ec9e5aa2d8
706,63.666667,63.666667,3,44d3ed4deb4ac7b8
707,63.666667,64.000000,3,f067db67410ca6a5
708,63.333333,64.333333,3,418cf1275861566f
709,63.333333,64.000000,3,a2aed0ec9e5aa2d8
710,63.666667,63.666667,3,44d3ed4deb4ac7b8
711,63.666667,64.000000,3,f067db67410ca6a5
712,63.333333,64.333333,3,418cf1275861566f
713,63.333333,64.000000,3,a2aed0ec9e5aa2d8
714,63.666667,63.666667,3,44d3ed4deb4ac7b8
715,63.666667,64.000000,3,f067db67410ca6a5
716,63.333333,64.333333,3,418cf1275861566f
717,63.333333,64.000000,3,a2aed0ec9e5aa2d8
718,63.666667,63.666667,3,44d3ed4deb4ac7b8
719,63.666667,64.000000,3,f067db67410ca6a5
720,63.333333,64.333333,3,418cf1275861566f
721,63.333333,64.000000,3,a2aed0ec9e5aa2d8
722,63.666667,63.666667,3,44d3ed4deb4ac7b8
723,63.666667,64.000000,3,f067db67410ca6a5
724,63.333333,64.333333,3,418cf1275861566f
725,63.333333,64.000000,3,a2aed0ec9e5aa2d8
726,63.666667,63.666667,3,44d3ed4deb4ac7b8
727,63.666667,64.000000,3,f067db67410ca6a5
728,63.333333,64.333333,3,418cf1275861566f
729,63.333333,64.000000,3,a2aed0ec9e5aa2d8
730,63.666667,63.666667,3,44d3ed4deb4ac7b8
731,63.666667,64.000000,3,f067db67410ca6a5
732,63.333333,64.333333,3,418cf1275861566f
733,63.333333,64.000000,3,a2aed0ec9e5aa2d8
734,63.666667,63.666667,3,44d3ed4deb4ac7b8
735,63.666667,64.000000,3,f067db67410ca6a5
736,63.333333,64.333333,3,418cf1275861566f
737,63.333333,64.000000,3,a2aed0ec9e5aa2d8
738,63.666667,63.666667,3,44d3ed4deb4ac7b8
739,63.666667,64.000000,3,f067db67410ca6a5
740,63.333333,64.333333,3,418cf1275861566f
741,63.333333,64.000000,3,a2aed0ec9e5aa2d8
742,63.666667,63.666667,3,44d3ed4deb4ac7b8
743,63.666667,64.000000,3,f067db67410ca6a5
744,63.333333,64.333333,3,418cf1275861566f
745,63.333333,64.000000,3,a2aed0ec9e5aa2d8
746,63.666667,63.666667,3,44d3ed4deb4ac7b8
747,63.666667,64.000000,3,f067db67410ca6a5
748,63.333333,64.333333,3,418cf1275861566f
749,63.333333,64.000000,3,a2aed0ec9e5aa2d8
750,63.666667,63.666667,3,44d3ed4deb4ac7b8
751,63.666667,64.000000,3,f067db67410ca6a5
752,63.333333,64.333333,3,418cf1275861566f
753,63.333333,64.000000,3,a2aed0ec9e5aa2d8
754,63.666667,63.666667,3,44d3ed4deb4ac7b8
755,63.666667,64.000000,3,f067db67410ca6a5
756,63.333333,64.333333,3,418cf1275861566f
757,63.333333,64.000000,3,a2aed0ec9e5aa2d8
758,63.666667,63.666667,3,44d3ed4deb4ac7b8
759,63.666667,64.000000,3,f067db67410ca6a5
760,63.333333,64.333333,3,418cf1275861566f
761,63.333333,64.000000,3,a2aed0ec9e5aa2d8
762,63.666667,63.666667,3,44d3ed4deb4ac7b8
763,63.666667,64.000000,3,f067db67410ca6a5
764,63.333333,64.333333,3,418cf1275861566f
765,63.333333,64.000000,3,a2aed0ec9e5aa2d8
766,63.666667,63.666667,3,44d3ed4deb4ac7b8
767,63.666667,64.000000,3,f067db67410ca6a5
768,63.333333,64.333333,3,418cf1275861566f
769,63.333333,64.000000,3,a2aed0ec9e5aa2d8
770,63.666667,63.666667,3,44d3ed4deb4ac7b8
771,63.666667,64.000000,3,f067db67410ca6a5
772,63.333333,64.333333,3,418cf1275861566f
773,63.333333,64.000000,3,a2aed0ec9e5aa2d8
774,63.666667,63.666667,3,44d3ed4deb4ac7b8
775,63.666667,64.000000,3,f067db67410ca6a5
776,63.333333,64.333333,3,418cf1275861566f
777,63.333333,64.000000,3,a2aed0ec9e5aa2d8
778,63.666667,63.666667,3,44d3ed4deb4ac7b8
779,63.666667,64.000000,3,f067db67410ca6a5
780,63.333333,64.333333,3,418cf1275861566f
781,63.333333,64.000000,3,a2aed0ec9e5aa2d8
782,63.666667,63.666667,3,44d3ed4deb4ac7b8
783,63.666667,64.000000,3,f067db67410ca6a5
784,63.333333,64.333333,3,418cf1275861566f
785,63.333333,64.000000,3,a2aed0ec9e5aa2d8
786,63.666667,63.666667,3,44d3ed4deb4ac7b8
787,63.666667,64.000000,3,f067db67410ca6a5
788,63.333333,64.333333,3,418cf1275861566f
789,63.333333,64.000000,3,a2aed0ec9e5aa2d8
790,63.666667,63.666667,3,44d3ed4deb4ac7b8
791,63.666667,64.000000,3,f067db67410ca6a5
792,63.333333,64.333333,3,418cf1275861566f
793,63.333333,64.000000,3,a2aed0ec9e5aa2d8
794,63.666667,63.666667,3,44d3ed4deb4ac7b8
795,63.666667,64.000000,3,f067db67410ca6a5
796,63.333333,64.333333,3,418cf1275861566f
797,63.333333,64.000000,3,a2aed0ec9e5aa2d8
798,63.666667,63.666667,3,44d3ed4deb4ac7b8
799,63.666667,64.000000,3,f067db67410ca6a5
800,63.333333,64.333333,3,418cf1275861566f
801,63.333333,64.000000,3,a2aed0ec9e5aa2d8
802,63.666667,63.666667,3,44d3ed4deb4ac7b8
803,63.666667,64.000000,3,f067db67410ca6a5
804,63.333333,64.333333,3,418cf1275861566f
805,63.333333,64.000000,3,a2aed0ec9e5aa2d8
806,63.666667,63.666667,3,44d3ed4deb4ac7b8
807,63.666667,64.000000,3,f067db67410ca6a5
808,63.333333,64.333333,3,418cf1275861566f
809,63.333333,64.000000,3,a2aed0ec9e5aa2d8
810,63.666667,63.666667,3,44d3ed4deb4ac7b8
811,63.666667,64.000000,3,f067db67410ca6a5
812,63.333333,64.333333,3,418cf1275861566f
813,63.333333,64.000000,3,a2aed0ec9e5aa2d8
814,63.666667,63.666667,3,44d3ed4deb4ac7b8
815,63.666667,64.000000,3,f067db67410ca6a5
816,63.333333,64.333333,3,418cf1275861566f
817,63.333333,64.000000,3,a2aed0ec9e5aa2d8
818,63.666667,63.666667,3,44d3ed4deb4ac7b8
819,63.666667,64.000000,3,f067db67410ca6a5
820,63.333333,64.333333,3,418cf1275861566f
821,63.333333,64.000000,3,a2aed0ec9e5aa2d8
822,63.666667,63.666667,3,44d3ed4deb4ac7b8
823,63.666667,64.000000,3,f067db67410ca6a5
824,63.333333,64.333333,3,418cf1275861566f
825,63.333333,64.000000,3,a2aed0ec9e5aa2d8
826,63.666667,63.666667,3,44d3ed4deb4ac7b8
827,63.666667,64.000000,3,f067db67410ca6a5
828,63.333333,64.333333,3,418cf1275861566f
829,63.333333,64.000000,3,a2aed0ec9e5aa2d8
830,63.666667,63.666667,3,44d3ed4deb4ac7b8
831,63.666667,64.000000,3,f067db67410ca6a5
832,63.333333,64.333333,3,418cf1275861566f
833,63.333333,64.000000,3,a2aed0ec9e5aa2d8
834,63.666667,63.666667,3,44d3ed4deb4ac7b8
835,63.666667,64.000000,3,f067db67410ca6a5
836,63.333333,64.333333,3,418cf1275861566f
837,63.333333,64.000000,3,a2aed0ec9e5aa2d8
838,63.666667,63.666667,3,44d3ed4deb4ac7b8
839,63.666667,64.000000,3,f067db67410ca6a5
840,63.333333,64.333333,3,418cf1275861566f
841,63.333333,64.000000,3,a2aed0ec9e5aa2d8
842,63.666667,63.666667,3,44d3ed4deb4ac7b8
843,63.666667,64.000000,3,f067db67410ca6a5
844,63.333333,64.333333,3,418cf1275861566f
845,63.333333,64.000000,3,a2aed0ec9e5aa2d8
846,63.666667,63.666667,3,44d3ed4deb4ac7b8
847,63.666667,64.000000,3,f067db67410ca6a5
848,63.333333,64.333333,3,418cf1275861566f
849,63.333333,64.000000,3,a2aed0ec9e5aa2d8
850,63.666667,63.666667,3,44d3ed4deb4ac7b8
851,63.666667,64.000000,3,f067db67410ca6a5
852,63.333333,64.333333,3,418cf1275861566f
853,63.333333,64.000000,3,a2aed0ec9e5aa2d8
854,63.666667,63.666667,3,44d3ed4deb4ac7b8
855,63.666667,64.000000,3,f067db67410ca6a5
856,63.333333,64.333333,3,418cf1275861566f
857,63.333333,64.000000,3,a2aed0ec9e5aa2d8
858,63.666667,63.666667,3,44d3ed4deb4ac7b8
859,63.666667,64.000000,3,f067db67410ca6a5
860,63.333333,64.333333,3,418cf1275861566f
861,63.333333,64.000000,3,a2aed0ec9e5aa2d8
862,63.666667,63.666667,3,44d3ed4deb4ac7b8
863,63.666667,64.000000,3,f067db67410ca6a5
864,63.333333,64.333333,3,418cf1275861566f
865,63.333333,64.000000,3,a2aed0ec9e5aa2d8
866,63.666667,63.666667,3,44d3ed4deb4ac7b8
867,63.666667,64.000000,3,f067db67410ca6a5
868,63.333333,64.333333,3,418cf1275861566f
869,63.333333,64.000000,3,a2aed0ec9e5aa2d8
870,63.666667,63.666667,3,44d3ed4deb4ac7b8
871,63.666667,64.000000,3,f067db67410ca6a5
872,63.333333,64.333333,3,418cf1275861566f
873,63.333333,64.000000,3,a2aed0ec9e5aa2d8
874,63.666667,63.666667,3,44d3ed4deb4ac7b8
875,63.666667,64.000000,3,f067db67410ca6a5
876,63.333333,64.333333,3,418cf1275861566f
877,63.333333,64.000000,3,a2aed0ec9e5aa2d8
878,63.666667,63.666667,3,44d3ed4deb4ac7b8
879,63.666667,64.000000,3,f067db67410ca6a5
880,63.333333,64.333333,3,418cf1275861566f
881,63.333333,64.000000,3,a2aed0ec9e5aa2d8
882,63.666667,63.666667,3,44d3ed4deb4ac7b8
883,63.666667,64.000000,3,f067db67410ca6a5
884,63.333333,64.333333,3,418cf1275861566f
885,63.333333,64.000000,3,a2aed0ec9e5aa2d8
886,63.666667,63.666667,3,44d3ed4deb4ac7b8
887,63.666667,64.000000,3,f067db67410ca6a5
888,63.333333,64.333333,3,418cf1275861566f
889,63.333333,64.000000,3,a2aed0ec9e5aa2d8
890,63.666667,63.666667,3,44d3ed4deb4ac7b8
891,63.666667,64.000000,3,f067db67410ca6a5
892,63.333333,64.333333,3,418cf1275861566f
893,63.333333,64.000000,3,a2aed0ec9e5aa2d8
894,63.666667,63.666667,3,44d3ed4deb4ac7b8
895,63.666667,64.000000,3,f067db67410ca6a5
896,63.333333,64.333333,3,418cf1275861566f
897,63.333333,64.000000,3,a2aed0ec9e5aa2d8
898,63.666667,63.666667,3,44d3ed4deb4ac7b8
899,63.666667,64.000000,3,f067db67410ca6a5
900,63.333333,64.333333,3,418cf1275861566f
901,63.333333,64.000000,3,a2aed0ec9e5aa2d8
902,63.666667,63.666667,3,44d3ed4deb4ac7b8
903,63.666667,64.000000,3,f067db67410ca6a5
904,63.333333,64.333333,3,418cf1275861566f
905,63.333333,64.000000,3,a2aed0ec9e5aa2d8
906,63.666667,63.666667,3,44d3ed4deb4ac7b8
907,63.666667,64.000000,3,f067db67410ca6a5
908,63.333333,64.333333,3,418cf1275861566f
909,63.333333,64.000000,3,a2aed0ec9e5aa2d8
910,63.666667,63.666667,3,44d3ed4deb4ac7b8
911,63.666667,64.000000,3,f067db67410ca6a5
912,63.333333,64.333333,3,418cf1275861566f
913,63.333333,64.000000,3,a2aed0ec9e5aa2d8
914,63.666667,63.666667,3,44d3ed4deb4ac7b8
915,63.666667,64.000000,3,f067db67410ca6a5
916,63.333333,64.333333,3,418cf1275861566f
917,63.333333,64.000000,3,a2aed0ec9e5aa2d8
918,63.666667,63.666667,3,44d3ed4deb4ac7b8
919,63.666667,64.000000,3,f067db67410ca6a5
920,63.333333,64.333333,3,418cf1275861566f
921,63.333333,64.000000,3,a2aed0ec9e5aa2d8
922,63.666667,63.666667,3,44d3ed4deb4ac7b8
923,63.666667,64.000000,3,f067db67410ca6a5
924,63.333333,64.333333,3,418cf1275861566f
925,63.333333,64.000000,3,a2aed0ec9e5aa2d8
926,63.666667,63.666667,3,44d3ed4deb4ac7b8
927,63.666667,64.000000,3,f067db67410ca6a5
928,63.333333,64.333333,3,418cf1275861566f
929,63.333333,64.000000,3,a2aed0ec9e5aa2d8
930,63.666667,63.666667,3,44d3ed4deb4ac7b8
931,63.666667,64.000000,3,f067db67410ca6a5
932,63.333333,64.333333,3,418cf1275861566f
933,63.333333,64.000000,3,a2aed0ec9e5aa2d8
934,63.666667,63.666667,3,44d3ed4deb4ac7b8
935,63.666667,64.000000,3,f067db67410ca6a5
936,63.333333,64.333333,3,418cf1275861566f
937,63.333333,64.000000,3,a2aed0ec9e5aa2d8
938,63.666667,63.666667,3,44d3ed4deb4ac7b8
939,63.666667,64.000000,3,f067db67410ca6a5
940,63.333333,64.333333,3,418cf1275861566f
941,63.333333,64.000000,3,a2aed0ec9e5aa2d8
942,63.666667,63.666667,3,44d3ed4deb4ac7b8
943,63.666667,64.000000,3,f067db67410ca6a5
944,63.333333,64.333333,3,418cf1275861566f
945,63.333333,64.000000,3,a2aed0ec9e5aa2d8
946,63.666667,63.666667,3,44d3ed4deb4ac7b8
947,63.666667,64.000000,3,f067db67410ca6a5
948,63.333333,64.333333,3,418cf1275861566f
949,63.333333,64.000000,3,a2aed0ec9e5aa2d8
950,63.666667,63.666667,3,44d3ed4deb4ac7b8
951,63.666667,64.000000,3,f067db67410ca6a5
952,63.333333,64.333333,3,418cf1275861566f
953,63.333333,64.000000,3,a2aed0ec9e5aa2d8
954,63.666667,63.666667,3,44d3ed4deb4ac7b8
955,63.666667,64.000000,3,f067db67410ca6a5
956,63.333333,64.333333,3,418cf1275861566f
957,63.333333,64.000000,3,a2aed0ec9e5aa2d8
958,63.666667,63.666667,3,44d3ed4deb4ac7b8
959,63.666667,64.000000,3,f067db67410ca6a5
960,63.333333,64.333333,3,418cf1275861566f
961,63.333333,64.000000,3,a2aed0ec9e5aa2d8
962,63.666667,63.666667,3,44d3ed4deb4ac7b8
963,63.666667,64.000000,3,f067db67410ca6a5
964,63.333333,64.333333,3,418cf1275861566f
965,63.333333,64.000000,3,a2aed0ec9e5aa2d8
966,63.666667,63.666667,3,44d3ed4deb4ac7b8
967,63.666667,64.000000,3,f067db67410ca6a5
968,63.333333,64.333333,3,418cf1275861566f
969,63.333333,64.000000,3,a2aed0ec9e5aa2d8
970,63.666667,63.666667,3,44d3ed4deb4ac7b8
971,63.666667,64.000000,3,f067db67410ca6a5
972,63.333333,64.333333,3,418cf1275861566f
973,63.333333,64.000000,3,a2aed0ec9e5aa2d8
974,63.666667,63.666667,3,44d3ed4deb4ac7b8
975,63.666667,64.000000,3,f067db67410ca6a5
976,63.333333,64.333333,3,418cf1275861566f
977,63.333333,64.000000,3,a2aed0ec9e5aa2d8
978,63.666667,63.666667,3,44d3ed4deb4ac7b8
979,63.666667,64.000000,3,f067db67410ca6a5
980,63.333333,64.333333,3,418cf1275861566f
981,63.333333,64.000000,3,a2aed0ec9e5aa2d8
982,63.666667,63.666667,3,44d3ed4deb4ac7b8
983,63.666667,64.000000,3,f067db67410ca6a5
984,63.333333,64.333333,3,418cf1275861566f
985,63.333333,64.000000,3,a2aed0ec9e5aa2d8
986,63.666667,63.666667,3,44d3ed4deb4ac7b8
987,63.666667,64.000000,3,f067db67410ca6a5
988,63.333333,64.333333,3,418cf1275861566f
989,63.333333,64.000000,3,a2aed0ec9e5aa2d8
990,63.666667,63.666667,3,44d3ed4deb4ac7b8
991,63.666667,64.000000,3,f067db67410ca6a5
992,63.333333,64.333333,3,418cf1275861566f
993,63.333333,64.000000,3,a2aed0ec9e5aa2d8
994,63.666667,63.666667,3,44d3ed4deb4ac7b8
995,63.666667,64.000000,3,f067db67410ca6a5
996,63.333333,64.333333,3,418cf1275861566f
997,63.333333,64.000000,3,a2aed0ec9e5aa2d8
998,63.666667,63.666667,3,44d3ed4deb4ac7b8
999,63.666667,64.000000,3,f067db67410ca6a5
1000,63.333333,64.333333,3,418cf1275861566f
1001,63.333333,64.000000,3,a2aed0ec9e5aa2d8
1002,63.666667,63.666667,3,44d3ed4deb4ac7b8
1003,63.666667,64.000000,3,f067db67410ca6a5
1004,63.333333,64.333333,3,418cf1275861566f
1005,63.333333,64.000000,3,a2aed0ec9e5aa2d8
1006,63.666667,63.666667,3,44d3ed4deb4ac7b8
1007,63.666667,64.000000,3,f067db67410ca6a5
1008,63.333333,64.333333,3,418cf1275861566f
1009,63.333333,64.000000,3,a2aed0ec9e5aa2d8
1010,63.666667,63.666667,3,44d3ed4deb4ac7b8
1011,63.666667,64.000000,3,f067db67410ca6a5
1012,63.333333,64.333333,3,418cf1275861566f
1013,63.333333,64.000000,3,a2aed0ec9e5aa2d8
1014,63.666667,63.666667,3,44d3ed4deb4ac7b8
1015,63.666667,64.000000,3,f067db67410ca6a5
1016,63.333333,64.333333,3,418cf1275861566f
1017,63.333333,64.000000,3,a2aed0ec9e5aa2d8
1018,63.666667,63.666667,3,44d3ed4deb4ac7b8
1019,63.666667,64.000000,3,f067db67410ca6a5
1020,63.333333,64.333333,3,418cf1275861566f
1021,63.333333,64.000000,3,a2aed0ec9e5aa2d8
1022,63.666667,63.666667,3,44d3ed4deb4ac7b8
1023,63.666667,64.000000,3,f067db67410ca6a5
1024,63.333333,64.333333,3,418cf1275861566f
