rule_id,best_fitness,best_seed_name,best_kind,best_period,best_bit_count,best_dq,best_dr
rule_001.json,0.0,,no_motion,0,0,0.0,0.0
rule_002.json,0.0,,no_motion,0,0,0.0,0.0
rule_003.json,0.0,,no_motion,0,0,0.0,0.0
rule_004.json,0.0,,no_motion,0,0,0.0,0.0
rule_005.json,0.0,,no_motion,0,0,0.0,0.0
rule_006.json,0.0,,no_motion,0,0,0.0,0.0
rule_007.json,0.0,,no_motion,0,0,0.0,0.0
rule_008.json,0.0,,no_motion,0,0,0.0,0.0
rule_009.json,0.0,,no_motion,0,0,0.0,0.0
rule_010.json,0.0,,no_motion,0,0,0.0,0.0
rule_011.json,0.0,,no_motion,0,0,0.0,0.0
rule_012.json,0.0,,no_motion,0,0,0.0,0.0
rule_013.json,0.0,,no_motion,0,0,0.0,0.0
rule_014.json,0.0,,no_motion,0,0,0.0,0.0
rule_015.json,0.0,,no_motion,0,0,0.0,0.0
rule_016.json,0.0,,no_motion,0,0,0.0,0.0
rule_017.json,0.0,,no_motion,0,0,0.0,0.0
rule_018.json,0.0,,no_motion,0,0,0.0,0.0
rule_019.json,0.0,,no_motion,0,0,0.0,0.0
rule_020.json,0.0,,no_motion,0,0,0.0,0.0
rule_021.json,0.0,,no_motion,0,0,0.0,0.0
rule_022.json,0.0,,no_motion,0,0,0.0,0.0
rule_023.json,0.0,,no_motion,0,0,0.0,0.0
rule_024.json,0.0,,no_motion,0,0,0.0,0.0
rule_025.json,0.0,,no_motion,0,0,0.0,0.0
rule_026.json,0.0,,no_motion,0,0,0.0,0.0
rule_027.json,0.0,,no_motion,0,0,0.0,0.0
rule_028.json,0.0,,no_motion,0,0,0.0,0.0
rule_029.json,0.0,,no_motion,0,0,0.0,0.0
rule_030.json,0.0,,no_motion,0,0,0.0,0.0
rule_031.json,0.0,,no_motion,0,0,0.0,0.0
rule_032.json,0.0,,no_motion,0,0,0.0,0.0
rule_033.json,0.0,,no_motion,0,0,0.0,0.0
rule_034.json,0.0,,no_motion,0,0,0.0,0.0
rule_035.json,0.0,,no_motion,0,0,0.0,0.0
rule_036.json,0.0,,no_motion,0,0,0.0,0.0
rule_037.json,0.0,,no_motion,0,0,0.0,0.0
rule_038.json,0.0,,no_motion,0,0,0.0,0.0
rule_039.json,0.0,,no_motion,0,0,0.0,0.0
rule_040.json,0.0,,no_motion,0,0,0.0,0.0
rule_041.json,0.0,,no_motion,0,0,0.0,0.0
rule_042.json,0.0,,no_motion,0,0,0.0,0.0
rule_043.json,0.0,,no_motion,0,0,0.0,0.0
rule_044.json,0.0,,no_motion,0,0,0.0,0.0
rule_045.json,0.0,,no_motion,0,0,0.0,0.0
rule_046.json,0.0,,no_motion,0,0,0.0,0.0
rule_047.json,0.0,,no_motion,0,0,0.0,0.0
rule_048.json,0.0,,no_motion,0,0,0.0,0.0
rule_049.json,0.0,,no_motion,0,0,0.0,0.0
rule_050.json,0.0,,no_motion,0,0,0.0,0.0
rule_051.json,0.0,,no_motion,0,0,0.0,0.0
rule_052.json,0.0,,no_motion,0,0,0.0,0.0
rule_053.json,0.0,,no_motion,0,0,0.0,0.0
rule_054.json,0.0,,no_motion,0,0,0.0,0.0
rule_055.json,0.0,,no_motion,0,0,0.0,0.0
rule_056.json,0.0,,no_motion,0,0,0.0,0.0
rule_057.json,0.0,,no_motion,0,0,0.0,0.0
rule_058.json,0.0,,no_motion,0,0,0.0,0.0
rule_059.json,0.0,,no_motion,0,0,0.0,0.0
rule_060.json,0.0,,no_motion,0,0,0.0,0.0
rule_061.json,0.0,,no_motion,0,0,0.0,0.0
rule_062.json,0.0,,no_motion,0,0,0.0,0.0
rule_063.json,0.0,,no_motion,0,0,0.0,0.0
rule_064.json,0.0,,no_motion,0,0,0.0,0.0
rule_065.json,0.0,,no_motion,0,0,0.0,0.0
rule_066.json,0.0,,no_motion,0,0,0.0,0.0
rule_067.json,0.0,,no_motion,0,0,0.0,0.0
rule_068.json,0.0,,no_motion,0,0,0.0,0.0
rule_069.json,0.0,,no_motion,0,0,0.0,0.0
rule_070.json,0.0,,no_motion,0,0,0.0,0.0
rule_071.json,0.0,,no_motion,0,0,0.0,0.0
rule_072.json,0.0,,no_motion,0,0,0.0,0.0
rule_073.json,0.0,,no_motion,0,0,0.0,0.0
rule_074.json,0.0,,no_motion,0,0,0.0,0.0
rule_075.json,0.0,,no_motion,0,0,0.0,0.0
rule_076.json,0.0,,no_motion,0,0,0.0,0.0
rule_077.json,0.0,,no_motion,0,0,0.0,0.0
rule_078.json,0.0,,no_motion,0,0,0.0,0.0
rule_079.json,0.0,,no_motion,0,0,0.0,0.0
rule_080.json,0.0,,no_motion,0,0,0.0,0.0
rule_081.json,0.0,,no_motion,0,0,0.0,0.0
rule_082.json,0.0,,no_motion,0,0,0.0,0.0
rule_083.json,0.0,,no_motion,0,0,0.0,0.0
rule_084.json,0.0,,no_motion,0,0,0.0,0.0
rule_085.json,0.0,,no_motion,0,0,0.0,0.0
rule_086.json,0.0,,no_motion,0,0,0.0,0.0
rule_087.json,0.0,,no_motion,0,0,0.0,0.0
rule_088.json,0.0,,no_motion,0,0,0.0,0.0
rule_089.json,0.0,,no_motion,0,0,0.0,0.0
rule_090.json,0.0,,no_motion,0,0,0.0,0.0
rule_091.json,0.0,,no_motion,0,0,0.0,0.0
rule_092.json,0.0,,no_motion,0,0,0.0,0.0
rule_093.json,0.0,,no_motion,0,0,0.0,0.0
rule_094.json,0.0,,no_motion,0,0,0.0,0.0
rule_095.json,0.0,,no_motion,0,0,0.0,0.0
rule_096.json,0.0,,no_motion,0,0,0.0,0.0
rule_097.json,0.0,,no_motion,0,0,0.0,0.0
rule_098.json,0.0,,no_motion,0,0,0.0,0.0
rule_099.json,0.0,,no_motion,0,0,0.0,0.0
rule_100.json,0.0,,no_motion,0,0,0.0,0.0
rule_101.json,0.0,,no_motion,0,0,0.0,0.0
rule_102.json,0.0,,no_motion,0,0,0.0,0.0
rule_103.json,0.0,,no_motion,0,0,0.0,0.0
rule_104.json,0.0,,no_motion,0,0,0.0,0.0
rule_105.json,0.0,,no_motion,0,0,0.0,0.0
rule_106.json,0.0,,no_motion,0,0,0.0,0.0
rule_107.json,0.0,,no_motion,0,0,0.0,0.0
rule_108.json,0.0,,no_motion,0,0,0.0,0.0
rule_109.json,0.0,,no_motion,0,0,0.0,0.0
rule_110.json,0.0,,no_motion,0,0,0.0,0.0
rule_111.json,0.0,,no_motion,0,0,0.0,0.0
rule_112.json,0.0,,no_motion,0,0,0.0,0.0
rule_113.json,0.0,,no_motion,0,0,0.0,0.0
rule_114.json,0.0,,no_motion,0,0,0.0,0.0
rule_115.json,0.0,,no_motion,0,0,0.0,0.0
rule_116.json,0.0,,no_motion,0,0,0.0,0.0
rule_117.json,0.0,,no_motion,0,0,0.0,0.0
rule_118.json,0.0,,no_motion,0,0,0.0,0.0
rule_119.json,0.0,,no_motion,0,0,0.0,0.0
rule_120.json,0.0,,no_motion,0,0,0.0,0.0
rule_121.json,0.0,,no_motion,0,0,0.0,0.0
rule_122.json,0.0,,no_motion,0,0,0.0,0.0
rule_123.json,0.0,,no_motion,0,0,0.0,0.0
rule_124.json,0.0,,no_motion,0,0,0.0,0.0
rule_125.json,0.0,,no_motion,0,0,0.0,0.0
rule_126.json,0.0,,no_motion,0,0,0.0,0.0
rule_127.json,0.0,,no_motion,0,0,0.0,0.0
rule_128.json,0.0,,no_motion,0,0,0.0,0.0
rule_129.json,0.0,,no_motion,0,0,0.0,0.0
rule_130.json,0.0,,no_motion,0,0,0.0,0.0
rule_131.json,0.0,,no_motion,0,0,0.0,0.0
rule_132.json,0.0,,no_motion,0,0,0.0,0.0
rule_133.json,0.0,,no_motion,0,0,0.0,0.0
rule_134.json,0.0,,no_motion,0,0,0.0,0.0
rule_135.json,0.0,,no_motion,0,0,0.0,0.0
rule_136.json,0.0,,no_motion,0,0,0.0,0.0
rule_137.json,0.0,,no_motion,0,0,0.0,0.0
rule_138.json,0.0,,no_motion,0,0,0.0,0.0
rule_139.json,0.0,,no_motion,0,0,0.0,0.0
rule_140.json,0.0,,no_motion,0,0,0.0,0.0
rule_141.json,0.0,,no_motion,0,0,0.0,0.0
rule_142.json,0.0,,no_motion,0,0,0.0,0.0
rule_143.json,0.0,,no_motion,0,0,0.0,0.0
rule_144.json,0.0,,no_motion,0,0,0.0,0.0
rule_145.json,0.0,,no_motion,0,0,0.0,0.0
rule_146.json,0.0,,no_motion,0,0,0.0,0.0
rule_147.json,0.0,,no_motion,0,0,0.0,0.0
rule_148.json,0.0,,no_motion,0,0,0.0,0.0
rule_149.json,0.0,,no_motion,0,0,0.0,0.0
rule_150.json,0.0,,no_motion,0,0,0.0,0.0
rule_151.json,0.0,,no_motion,0,0,0.0,0.0
rule_152.json,0.0,,no_motion,0,0,0.0,0.0
rule_153.json,0.0,,no_motion,0,0,0.0,0.0
rule_154.json,0.0,,no_motion,0,0,0.0,0.0
rule_155.json,0.0,,no_motion,0,0,0.0,0.0
rule_156.json,0.0,,no_motion,0,0,0.0,0.0
rule_157.json,0.0,,no_motion,0,0,0.0,0.0
rule_158.json,0.0,,no_motion,0,0,0.0,0.0
rule_159.json,0.0,,no_motion,0,0,0.0,0.0
rule_160.json,0.0,,no_motion,0,0,0.0,0.0
rule_161.json,0.0,,no_motion,0,0,0.0,0.0
rule_162.json,0.0,,no_motion,0,0,0.0,0.0
rule_163.json,0.0,,no_motion,0,0,0.0,0.0
rule_164.json,0.0,,no_motion,0,0,0.0,0.0
rule_165.json,0.0,,no_motion,0,0,0.0,0.0
rule_166.json,0.0,,no_motion,0,0,0.0,0.0
rule_167.json,0.0,,no_motion,0,0,0.0,0.0
rule_168.json,0.0,,no_motion,0,0,0.0,0.0
rule_169.json,0.0,,no_motion,0,0,0.0,0.0
rule_170.json,0.0,,no_motion,0,0,0.0,0.0
rule_171.json,0.0,,no_motion,0,0,0.0,0.0
rule_172.json,0.0,,no_motion,0,0,0.0,0.0
rule_173.json,0.0,,no_motion,0,0,0.0,0.0
rule_174.json,0.0,,no_motion,0,0,0.0,0.0
rule_175.json,0.0,,no_motion,0,0,0.0,0.0
rule_176.json,0.0,,no_motion,0,0,0.0,0.0
rule_177.json,0.0,,no_motion,0,0,0.0,0.0
rule_178.json,0.0,,no_motion,0,0,0.0,0.0
rule_179.json,0.0,,no_motion,0,0,0.0,0.0
rule_180.json,0.0,,no_motion,0,0,0.0,0.0
rule_181.json,0.0,,no_motion,0,0,0.0,0.0
rule_182.json,0.0,,no_motion,0,0,0.0,0.0
rule_183.json,0.0,,no_motion,0,0,0.0,0.0
rule_184.json,0.0,,no_motion,0,0,0.0,0.0
rule_185.json,0.0,,no_motion,0,0,0.0,0.0
rule_186.json,0.0,,no_motion,0,0,0.0,0.0
rule_187.json,0.0,,no_motion,0,0,0.0,0.0
rule_188.json,0.0,,no_motion,0,0,0.0,0.0
rule_189.json,0.0,,no_motion,0,0,0.0,0.0
rule_190.json,0.0,,no_motion,0,0,0.0,0.0
rule_191.json,0.0,,no_motion,0,0,0.0,0.0
rule_192.json,0.0,,no_motion,0,0,0.0,0.0
rule_193.json,0.0,,no_motion,0,0,0.0,0.0
rule_194.json,0.0,,no_motion,0,0,0.0,0.0
rule_195.json,0.0,,no_motion,0,0,0.0,0.0
rule_196.json,0.0,,no_motion,0,0,0.0,0.0
rule_197.json,0.0,,no_motion,0,0,0.0,0.0
rule_198.json,0.0,,no_motion,0,0,0.0,0.0
rule_199.json,0.0,,no_motion,0,0,0.0,0.0
rule_200.json,0.0,,no_motion,0,0,0.0,0.0
rule_201.json,0.0,,no_motion,0,0,0.0,0.0
rule_202.json,0.0,,no_motion,0,0,0.0,0.0
rule_203.json,0.0,,no_motion,0,0,0.0,0.0
rule_204.json,0.0,,no_motion,0,0,0.0,0.0
rule_205.json,0.0,,no_motion,0,0,0.0,0.0
rule_206.json,0.0,,no_motion,0,0,0.0,0.0
rule_207.json,0.0,,no_motion,0,0,0.0,0.0
rule_208.json,0.0,,no_motion,0,0,0.0,0.0
rule_209.json,0.0,,no_motion,0,0,0.0,0.0
rule_210.json,0.0,,no_motion,0,0,0.0,0.0
rule_211.json,0.0,,no_motion,0,0,0.0,0.0
rule_212.json,0.0,,no_motion,0,0,0.0,0.0
rule_213.json,0.0,,no_motion,0,0,0.0,0.0
rule_214.json,0.0,,no_motion,0,0,0.0,0.0
rule_215.json,0.0,,no_motion,0,0,0.0,0.0
rule_216.json,0.0,,no_motion,0,0,0.0,0.0
rule_217.json,0.0,,no_motion,0,0,0.0,0.0
rule_218.json,0.0,,no_motion,0,0,0.0,0.0
rule_219.json,0.0,,no_motion,0,0,0.0,0.0
rule_220.json,0.0,,no_motion,0,0,0.0,0.0
rule_221.json,0.0,,no_motion,0,0,0.0,0.0
rule_222.json,0.0,,no_motion,0,0,0.0,0.0
rule_223.json,0.0,,no_motion,0,0,0.0,0.0
rule_224.json,0.0,,no_motion,0,0,0.0,0.0
rule_225.json,0.0,,no_motion,0,0,0.0,0.0
rule_226.json,0.0,,no_motion,0,0,0.0,0.0
rule_227.json,0.0,,no_motion,0,0,0.0,0.0
rule_228.json,0.0,,no_motion,0,0,0.0,0.0
rule_229.json,0.0,,no_motion,0,0,0.0,0.0
rule_230.json,0.0,,no_motion,0,0,0.0,0.0
rule_231.json,0.0,,no_motion,0,0,0.0,0.0
rule_232.json,0.0,,no_motion,0,0,0.0,0.0
rule_233.json,0.0,,no_motion,0,0,0.0,0.0
rule_234.json,0.0,,no_motion,0,0,0.0,0.0
rule_235.json,0.0,,no_motion,0,0,0.0,0.0
rule_236.json,0.0,,no_motion,0,0,0.0,0.0
rule_237.json,0.0,,no_motion,0,0,0.0,0.0
rule_238.json,0.0,,no_motion,0,0,0.0,0.0
rule_239.json,0.0,,no_motion,0,0,0.0,0.0
rule_240.json,0.0,,no_motion,0,0,0.0,0.0
rule_241.json,0.0,,no_motion,0,0,0.0,0.0
rule_242.json,0.0,,no_motion,0,0,0.0,0.0
rule_243.json,0.0,,no_motion,0,0,0.0,0.0
rule_244.json,0.0,,no_motion,0,0,0.0,0.0
rule_245.json,0.0,,no_motion,0,0,0.0,0.0
rule_246.json,0.0,,no_motion,0,0,0.0,0.0
rule_247.json,0.0,,no_motion,0,0,0.0,0.0
rule_248.json,0.0,,no_motion,0,0,0.0,0.0
rule_249.json,0.0,,no_motion,0,0,0.0,0.0
rule_250.json,0.0,,no_motion,0,0,0.0,0.0
rule_251.json,0.0,,no_motion,0,0,0.0,0.0
rule_252.json,0.0,,no_motion,0,0,0.0,0.0
rule_253.json,0.0,,no_motion,0,0,0.0,0.0
rule_254.json,0.0,,no_motion,0,0,0.0,0.0
rule_255.json,0.0,,no_motion,0,0,0.0,0.0
rule_256.json,0.0,,no_motion,0,0,0.0,0.0
rule_257.json,0.0,,no_motion,0,0,0.0,0.0
rule_258.json,0.0,,no_motion,0,0,0.0,0.0
rule_259.json,0.0,,no_motion,0,0,0.0,0.0
rule_260.json,0.0,,no_motion,0,0,0.0,0.0
rule_261.json,0.0,,no_motion,0,0,0.0,0.0
rule_262.json,0.0,,no_motion,0,0,0.0,0.0
rule_263.json,0.0,,no_motion,0,0,0.0,0.0
rule_264.json,0.0,,no_motion,0,0,0.0,0.0
rule_265.json,0.0,,no_motion,0,0,0.0,0.0
rule_266.json,0.0,,no_motion,0,0,0.0,0.0
rule_267.json,0.0,,no_motion,0,0,0.0,0.0
rule_268.json,0.0,,no_motion,0,0,0.0,0.0
rule_269.json,0.0,,no_motion,0,0,0.0,0.0
rule_270.json,0.0,,no_motion,0,0,0.0,0.0
rule_271.json,0.0,,no_motion,0,0,0.0,0.0
rule_272.json,0.0,,no_motion,0,0,0.0,0.0
rule_273.json,0.0,,no_motion,0,0,0.0,0.0
rule_274.json,0.0,,no_motion,0,0,0.0,0.0
rule_275.json,0.0,,no_motion,0,0,0.0,0.0
rule_276.json,0.0,,no_motion,0,0,0.0,0.0
rule_277.json,0.0,,no_motion,0,0,0.0,0.0
rule_278.json,0.0,,no_motion,0,0,0.0,0.0
rule_279.json,0.0,,no_motion,0,0,0.0,0.0
rule_280.json,0.0,,no_motion,0,0,0.0,0.0
rule_281.json,0.0,,no_motion,0,0,0.0,0.0
rule_282.json,0.0,,no_motion,0,0,0.0,0.0
rule_283.json,0.0,,no_motion,0,0,0.0,0.0
rule_284.json,0.0,,no_motion,0,0,0.0,0.0
rule_285.json,0.0,,no_motion,0,0,0.0,0.0
rule_286.json,0.0,,no_motion,0,0,0.0,0.0
rule_287.json,0.0,,no_motion,0,0,0.0,0.0
rule_288.json,0.0,,no_motion,0,0,0.0,0.0
rule_289.json,0.0,,no_motion,0,0,0.0,0.0
rule_290.json,0.0,,no_motion,0,0,0.0,0.0
rule_291.json,0.0,,no_motion,0,0,0.0,0.0
rule_292.json,0.0,,no_motion,0,0,0.0,0.0
rule_293.json,0.0,,no_motion,0,0,0.0,0.0
rule_294.json,0.0,,no_motion,0,0,0.0,0.0
rule_295.json,0.0,,no_motion,0,0,0.0,0.0
rule_296.json,0.0,,no_motion,0,0,0.0,0.0
rule_297.json,0.0,,no_motion,0,0,0.0,0.0
rule_298.json,0.0,,no_motion,0,0,0.0,0.0
rule_299.json,0.0,,no_motion,0,0,0.0,0.0
rule_300.json,0.0,,no_motion,0,0,0.0,0.0
rule_301.json,0.0,,no_motion,0,0,0.0,0.0
rule_302.json,0.0,,no_motion,0,0,0.0,0.0
rule_303.json,0.0,,no_motion,0,0,0.0,0.0
rule_304.json,0.0,,no_motion,0,0,0.0,0.0
rule_305.json,0.0,,no_motion,0,0,0.0,0.0
rule_306.json,0.0,,no_motion,0,0,0.0,0.0
rule_307.json,0.0,,no_motion,0,0,0.0,0.0
rule_308.json,0.0,,no_motion,0,0,0.0,0.0
rule_309.json,0.0,,no_motion,0,0,0.0,0.0
rule_310.json,0.0,,no_motion,0,0,0.0,0.0
rule_311.json,0.0,,no_motion,0,0,0.0,0.0
rule_312.json,0.0,,no_motion,0,0,0.0,0.0
rule_313.json,0.0,,no_motion,0,0,0.0,0.0
rule_314.json,0.0,,no_motion,0,0,0.0,0.0
rule_315.json,0.0,,no_motion,0,0,0.0,0.0
rule_316.json,0.0,,no_motion,0,0,0.0,0.0
rule_317.json,0.0,,no_motion,0,0,0.0,0.0
rule_318.json,0.0,,no_motion,0,0,0.0,0.0
rule_319.json,0.0,,no_motion,0,0,0.0,0.0
rule_320.json,0.0,,no_motion,0,0,0.0,0.0
rule_321.json,0.0,,no_motion,0,0,0.0,0.0
rule_322.json,0.0,,no_motion,0,0,0.0,0.0
rule_323.json,0.0,,no_motion,0,0,0.0,0.0
rule_324.json,0.0,,no_motion,0,0,0.0,0.0
rule_325.json,0.0,,no_motion,0,0,0.0,0.0
rule_326.json,0.0,,no_motion,0,0,0.0,0.0
rule_327.json,0.0,,no_motion,0,0,0.0,0.0
rule_328.json,0.0,,no_motion,0,0,0.0,0.0
rule_329.json,0.0,,no_motion,0,0,0.0,0.0
rule_330.json,0.0,,no_motion,0,0,0.0,0.0
rule_331.json,0.0,,no_motion,0,0,0.0,0.0
rule_332.json,0.0,,no_motion,0,0,0.0,0.0
rule_333.json,0.0,,no_motion,0,0,0.0,0.0
rule_334.json,0.0,,no_motion,0,0,0.0,0.0
rule_335.json,0.0,,no_motion,0,0,0.0,0.0
rule_336.json,0.0,,no_motion,0,0,0.0,0.0
rule_337.json,0.0,,no_motion,0,0,0.0,0.0
rule_338.json,0.0,,no_motion,0,0,0.0,0.0
rule_339.json,0.0,,no_motion,0,0,0.0,0.0
rule_340.json,0.0,,no_motion,0,0,0.0,0.0
rule_341.json,0.0,,no_motion,0,0,0.0,0.0
rule_342.json,0.0,,no_motion,0,0,0.0,0.0
rule_343.json,0.0,,no_motion,0,0,0.0,0.0
rule_344.json,0.0,,no_motion,0,0,0.0,0.0
rule_345.json,0.0,,no_motion,0,0,0.0,0.0
rule_346.json,0.0,,no_motion,0,0,0.0,0.0
rule_347.json,0.0,,no_motion,0,0,0.0,0.0
rule_348.json,0.0,,no_motion,0,0,0.0,0.0
rule_349.json,0.0,,no_motion,0,0,0.0,0.0
rule_350.json,0.0,,no_motion,0,0,0.0,0.0
rule_351.json,0.0,,no_motion,0,0,0.0,0.0
rule_352.json,0.0,,no_motion,0,0,0.0,0.0
rule_353.json,0.0,,no_motion,0,0,0.0,0.0
rule_354.json,0.0,,no_motion,0,0,0.0,0.0
rule_355.json,0.0,,no_motion,0,0,0.0,0.0
rule_356.json,0.0,,no_motion,0,0,0.0,0.0
rule_357.json,0.0,,no_motion,0,0,0.0,0.0
rule_358.json,0.0,,no_motion,0,0,0.0,0.0
rule_359.json,0.0,,no_motion,0,0,0.0,0.0
rule_360.json,0.0,,no_motion,0,0,0.0,0.0
rule_361.json,0.0,,no_motion,0,0,0.0,0.0
rule_362.json,0.0,,no_motion,0,0,0.0,0.0
rule_363.json,0.0,,no_motion,0,0,0.0,0.0
rule_364.json,0.0,,no_motion,0,0,0.0,0.0
rule_365.json,0.0,,no_motion,0,0,0.0,0.0
rule_366.json,0.0,,no_motion,0,0,0.0,0.0
rule_367.json,0.0,,no_motion,0,0,0.0,0.0
rule_368.json,0.0,,no_motion,0,0,0.0,0.0
rule_369.json,0.0,,no_motion,0,0,0.0,0.0
rule_370.json,0.0,,no_motion,0,0,0.0,0.0
rule_371.json,0.0,,no_motion,0,0,0.0,0.0
rule_372.json,0.0,,no_motion,0,0,0.0,0.0
rule_373.json,0.0,,no_motion,0,0,0.0,0.0
rule_374.json,0.0,,no_motion,0,0,0.0,0.0
rule_375.json,0.0,,no_motion,0,0,0.0,0.0
rule_376.json,0.0,,no_motion,0,0,0.0,0.0
rule_377.json,0.0,,no_motion,0,0,0.0,0.0
rule_378.json,0.0,,no_motion,0,0,0.0,0.0
rule_379.json,0.0,,no_motion,0,0,0.0,0.0
rule_380.json,0.0,,no_motion,0,0,0.0,0.0
rule_381.json,0.0,,no_motion,0,0,0.0,0.0
rule_382.json,0.0,,no_motion,0,0,0.0,0.0
rule_383.json,0.0,,no_motion,0,0,0.0,0.0
rule_384.json,0.0,,no_motion,0,0,0.0,0.0
rule_385.json,0.0,,no_motion,0,0,0.0,0.0
rule_386.json,0.0,,no_motion,0,0,0.0,0.0
rule_387.json,0.0,,no_motion,0,0,0.0,0.0
rule_388.json,0.0,,no_motion,0,0,0.0,0.0
rule_389.json,0.0,,no_motion,0,0,0.0,0.0
rule_390.json,0.0,,no_motion,0,0,0.0,0.0
rule_391.json,0.0,,no_motion,0,0,0.0,0.0
rule_392.json,0.0,,no_motion,0,0,0.0,0.0
rule_393.json,0.0,,no_motion,0,0,0.0,0.0
rule_394.json,0.0,,no_motion,0,0,0.0,0.0
rule_395.json,0.0,,no_motion,0,0,0.0,0.0
rule_396.json,0.0,,no_motion,0,0,0.0,0.0
rule_397.json,0.0,,no_motion,0,0,0.0,0.0
rule_398.json,0.0,,no_motion,0,0,0.0,0.0
rule_399.json,0.0,,no_motion,0,0,0.0,0.0
rule_400.json,0.0,,no_motion,0,0,0.0,0.0
rule_401.json,0.0,,no_motion,0,0,0.0,0.0
rule_402.json,0.0,,no_motion,0,0,0.0,0.0
rule_403.json,0.0,,no_motion,0,0,0.0,0.0
rule_404.json,0.0,,no_motion,0,0,0.0,0.0
rule_405.json,0.0,,no_motion,0,0,0.0,0.0
rule_406.json,0.0,,no_motion,0,0,0.0,0.0
rule_407.json,0.0,,no_motion,0,0,0.0,0.0
rule_408.json,0.0,,no_motion,0,0,0.0,0.0
rule_409.json,0.0,,no_motion,0,0,0.0,0.0
rule_410.json,0.0,,no_motion,0,0,0.0,0.0
rule_411.json,0.0,,no_motion,0,0,0.0,0.0
rule_412.json,0.0,,no_motion,0,0,0.0,0.0
rule_413.json,0.0,,no_motion,0,0,0.0,0.0
rule_414.json,0.0,,no_motion,0,0,0.0,0.0
rule_415.json,0.0,,no_motion,0,0,0.0,0.0
rule_416.json,0.0,,no_motion,0,0,0.0,0.0
rule_417.json,0.0,,no_motion,0,0,0.0,0.0
rule_418.json,0.0,,no_motion,0,0,0.0,0.0
rule_419.json,0.0,,no_motion,0,0,0.0,0.0
rule_420.json,0.0,,no_motion,0,0,0.0,0.0
rule_421.json,0.0,,no_motion,0,0,0.0,0.0
rule_422.json,0.0,,no_motion,0,0,0.0,0.0
rule_423.json,0.0,,no_motion,0,0,0.0,0.0
rule_424.json,0.0,,no_motion,0,0,0.0,0.0
rule_425.json,0.0,,no_motion,0,0,0.0,0.0
rule_426.json,0.0,,no_motion,0,0,0.0,0.0
rule_427.json,0.0,,no_motion,0,0,0.0,0.0
rule_428.json,0.0,,no_motion,0,0,0.0,0.0
rule_429.json,0.0,,no_motion,0,0,0.0,0.0
rule_430.json,0.0,,no_motion,0,0,0.0,0.0
rule_431.json,0.0,,no_motion,0,0,0.0,0.0
rule_432.json,0.0,,no_motion,0,0,0.0,0.0
rule_433.json,0.0,,no_motion,0,0,0.0,0.0
rule_434.json,0.0,,no_motion,0,0,0.0,0.0
rule_435.json,0.0,,no_motion,0,0,0.0,0.0
rule_436.json,0.0,,no_motion,0,0,0.0,0.0
rule_437.json,0.0,,no_motion,0,0,0.0,0.0
rule_438.json,0.0,,no_motion,0,0,0.0,0.0
rule_439.json,0.0,,no_motion,0,0,0.0,0.0
rule_440.json,0.0,,no_motion,0,0,0.0,0.0
rule_441.json,0.0,,no_motion,0,0,0.0,0.0
rule_442.json,0.0,,no_motion,0,0,0.0,0.0
rule_443.json,0.0,,no_motion,0,0,0.0,0.0
rule_444.json,0.0,,no_motion,0,0,0.0,0.0
rule_445.json,0.0,,no_motion,0,0,0.0,0.0
rule_446.json,0.0,,no_motion,0,0,0.0,0.0
rule_447.json,0.0,,no_motion,0,0,0.0,0.0
rule_448.json,0.0,,no_motion,0,0,0.0,0.0
rule_449.json,0.0,,no_motion,0,0,0.0,0.0
rule_450.json,0.0,,no_motion,0,0,0.0,0.0
rule_451.json,0.0,,no_motion,0,0,0.0,0.0
rule_452.json,0.0,,no_motion,0,0,0.0,0.0
rule_453.json,0.0,,no_motion,0,0,0.0,0.0
rule_454.json,0.0,,no_motion,0,0,0.0,0.0
rule_455.json,0.0,,no_motion,0,0,0.0,0.0
rule_456.json,0.0,,no_motion,0,0,0.0,0.0
rule_457.json,0.0,,no_motion,0,0,0.0,0.0
rule_458.json,0.0,,no_motion,0,0,0.0,0.0
rule_459.json,0.0,,no_motion,0,0,0.0,0.0
rule_460.json,0.0,,no_motion,0,0,0.0,0.0
rule_461.json,0.0,,no_motion,0,0,0.0,0.0
rule_462.json,0.0,,no_motion,0,0,0.0,0.0
rule_463.json,0.0,,no_motion,0,0,0.0,0.0
rule_464.json,0.0,,no_motion,0,0,0.0,0.0
rule_465.json,0.0,,no_motion,0,0,0.0,0.0
rule_466.json,0.0,,no_motion,0,0,0.0,0.0
rule_467.json,0.0,,no_motion,0,0,0.0,0.0
rule_468.json,0.0,,no_motion,0,0,0.0,0.0
rule_469.json,0.0,,no_motion,0,0,0.0,0.0
rule_470.json,0.0,,no_motion,0,0,0.0,0.0
rule_471.json,0.0,,no_motion,0,0,0.0,0.0
rule_472.json,0.0,,no_motion,0,0,0.0,0.0
rule_473.json,0.0,,no_motion,0,0,0.0,0.0
rule_474.json,0.0,,no_motion,0,0,0.0,0.0
rule_475.json,0.0,,no_motion,0,0,0.0,0.0
rule_476.json,0.0,,no_motion,0,0,0.0,0.0
rule_477.json,0.0,,no_motion,0,0,0.0,0.0
rule_478.json,0.0,,no_motion,0,0,0.0,0.0
rule_479.json,0.0,,no_motion,0,0,0.0,0.0
rule_480.json,0.0,,no_motion,0,0,0.0,0.0
rule_481.json,0.0,,no_motion,0,0,0.0,0.0
rule_482.json,0.0,,no_motion,0,0,0.0,0.0
rule_483.json,0.0,,no_motion,0,0,0.0,0.0
rule_484.json,0.0,,no_motion,0,0,0.0,0.0
rule_485.json,0.0,,no_motion,0,0,0.0,0.0
rule_486.json,0.0,,no_motion,0,0,0.0,0.0
rule_487.json,0.0,,no_motion,0,0,0.0,0.0
rule_488.json,0.0,,no_motion,0,0,0.0,0.0
rule_489.json,0.0,,no_motion,0,0,0.0,0.0
rule_490.json,0.0,,no_motion,0,0,0.0,0.0
rule_491.json,0.0,,no_motion,0,0,0.0,0.0
rule_492.json,0.0,,no_motion,0,0,0.0,0.0
rule_493.json,0.0,,no_motion,0,0,0.0,0.0
rule_494.json,0.0,,no_motion,0,0,0.0,0.0
rule_495.json,0.0,,no_motion,0,0,0.0,0.0
rule_496.json,0.0,,no_motion,0,0,0.0,0.0
rule_497.json,0.0,,no_motion,0,0,0.0,0.0
rule_498.json,0.0,,no_motion,0,0,0.0,0.0
rule_499.json,0.0,,no_motion,0,0,0.0,0.0
rule_500.json,0.0,,no_motion,0,0,0.0,0.0
rule_501.json,0.0,,no_motion,0,0,0.0,0.0
rule_502.json,0.0,,no_motion,0,0,0.0,0.0
rule_503.json,0.0,,no_motion,0,0,0.0,0.0
rule_504.json,0.0,,no_motion,0,0,0.0,0.0
rule_505.json,0.0,,no_motion,0,0,0.0,0.0
rule_506.json,0.0,,no_motion,0,0,0.0,0.0
rule_507.json,0.0,,no_motion,0,0,0.0,0.0
rule_508.json,0.0,,no_motion,0,0,0.0,0.0
rule_509.json,0.0,,no_motion,0,0,0.0,0.0
rule_510.json,0.0,,no_motion,0,0,0.0,0.0
rule_511.json,0.0,,no_motion,0,0,0.0,0.0
rule_512.json,0.0,,no_motion,0,0,0.0,0.0
rule_513.json,0.0,,no_motion,0,0,0.0,0.0
rule_514.json,0.0,,no_motion,0,0,0.0,0.0
rule_515.json,0.0,,no_motion,0,0,0.0,0.0
rule_516.json,0.0,,no_motion,0,0,0.0,0.0
rule_517.json,0.0,,no_motion,0,0,0.0,0.0
rule_518.json,0.0,,no_motion,0,0,0.0,0.0
rule_519.json,0.0,,no_motion,0,0,0.0,0.0
rule_520.json,0.0,,no_motion,0,0,0.0,0.0
rule_521.json,0.0,,no_motion,0,0,0.0,0.0
rule_522.json,0.0,,no_motion,0,0,0.0,0.0
rule_523.json,0.0,,no_motion,0,0,0.0,0.0
rule_524.json,0.0,,no_motion,0,0,0.0,0.0
rule_525.json,0.0,,no_motion,0,0,0.0,0.0
rule_526.json,0.0,,no_motion,0,0,0.0,0.0
rule_527.json,0.0,,no_motion,0,0,0.0,0.0
rule_528.json,0.0,,no_motion,0,0,0.0,0.0
rule_529.json,0.0,,no_motion,0,0,0.0,0.0
rule_530.json,0.0,,no_motion,0,0,0.0,0.0
rule_531.json,0.0,,no_motion,0,0,0.0,0.0
rule_532.json,0.0,,no_motion,0,0,0.0,0.0
rule_533.json,0.0,,no_motion,0,0,0.0,0.0
rule_534.json,0.0,,no_motion,0,0,0.0,0.0
rule_535.json,0.0,,no_motion,0,0,0.0,0.0
rule_536.json,0.0,,no_motion,0,0,0.0,0.0
rule_537.json,0.0,,no_motion,0,0,0.0,0.0
rule_538.json,0.0,,no_motion,0,0,0.0,0.0
rule_539.json,0.0,,no_motion,0,0,0.0,0.0
rule_540.json,0.0,,no_motion,0,0,0.0,0.0
rule_541.json,0.0,,no_motion,0,0,0.0,0.0
rule_542.json,0.0,,no_motion,0,0,0.0,0.0
rule_543.json,0.0,,no_motion,0,0,0.0,0.0
rule_544.json,0.0,,no_motion,0,0,0.0,0.0
rule_545.json,0.0,,no_motion,0,0,0.0,0.0
rule_546.json,0.0,,no_motion,0,0,0.0,0.0
rule_547.json,0.0,,no_motion,0,0,0.0,0.0
rule_548.json,0.0,,no_motion,0,0,0.0,0.0
rule_549.json,0.0,,no_motion,0,0,0.0,0.0
rule_550.json,0.0,,no_motion,0,0,0.0,0.0
rule_551.json,0.0,,no_motion,0,0,0.0,0.0
rule_552.json,0.0,,no_motion,0,0,0.0,0.0
rule_553.json,0.0,,no_motion,0,0,0.0,0.0
rule_554.json,0.0,,no_motion,0,0,0.0,0.0
rule_555.json,0.0,,no_motion,0,0,0.0,0.0
rule_556.json,0.0,,no_motion,0,0,0.0,0.0
rule_557.json,0.0,,no_motion,0,0,0.0,0.0
rule_558.json,0.0,,no_motion,0,0,0.0,0.0
rule_559.json,0.0,,no_motion,0,0,0.0,0.0
rule_560.json,0.0,,no_motion,0,0,0.0,0.0
rule_561.json,0.0,,no_motion,0,0,0.0,0.0
rule_562.json,0.0,,no_motion,0,0,0.0,0.0
rule_563.json,0.0,,no_motion,0,0,0.0,0.0
rule_564.json,0.0,,no_motion,0,0,0.0,0.0
rule_565.json,0.0,,no_motion,0,0,0.0,0.0
rule_566.json,0.0,,no_motion,0,0,0.0,0.0
rule_567.json,0.0,,no_motion,0,0,0.0,0.0
rule_568.json,0.0,,no_motion,0,0,0.0,0.0
rule_569.json,0.0,,no_motion,0,0,0.0,0.0
rule_570.json,0.0,,no_motion,0,0,0.0,0.0
rule_571.json,0.0,,no_motion,0,0,0.0,0.0
rule_572.json,0.0,,no_motion,0,0,0.0,0.0
rule_573.json,0.0,,no_motion,0,0,0.0,0.0
rule_574.json,0.0,,no_motion,0,0,0.0,0.0
rule_575.json,0.0,,no_motion,0,0,0.0,0.0
rule_576.json,0.0,,no_motion,0,0,0.0,0.0
rule_577.json,0.0,,no_motion,0,0,0.0,0.0
rule_578.json,0.0,,no_motion,0,0,0.0,0.0
rule_579.json,0.0,,no_motion,0,0,0.0,0.0
rule_580.json,0.0,,no_motion,0,0,0.0,0.0
rule_581.json,0.0,,no_motion,0,0,0.0,0.0
rule_582.json,0.0,,no_motion,0,0,0.0,0.0
rule_583.json,0.0,,no_motion,0,0,0.0,0.0
rule_584.json,0.0,,no_motion,0,0,0.0,0.0
rule_585.json,0.0,,no_motion,0,0,0.0,0.0
rule_586.json,0.0,,no_motion,0,0,0.0,0.0
rule_587.json,0.0,,no_motion,0,0,0.0,0.0
rule_588.json,0.0,,no_motion,0,0,0.0,0.0
rule_589.json,0.0,,no_motion,0,0,0.0,0.0
rule_590.json,0.0,,no_motion,0,0,0.0,0.0
rule_591.json,0.0,,no_motion,0,0,0.0,0.0
rule_592.json,0.0,,no_motion,0,0,0.0,0.0
rule_593.json,0.0,,no_motion,0,0,0.0,0.0
rule_594.json,0.0,,no_motion,0,0,0.0,0.0
rule_595.json,0.0,,no_motion,0,0,0.0,0.0
rule_596.json,0.0,,no_motion,0,0,0.0,0.0
rule_597.json,0.0,,no_motion,0,0,0.0,0.0
rule_598.json,0.0,,no_motion,0,0,0.0,0.0
rule_599.json,0.0,,no_motion,0,0,0.0,0.0
rule_600.json,0.0,,no_motion,0,0,0.0,0.0
rule_601.json,0.0,,no_motion,0,0,0.0,0.0
rule_602.json,0.0,,no_motion,0,0,0.0,0.0
rule_603.json,0.0,,no_motion,0,0,0.0,0.0
rule_604.json,0.0,,no_motion,0,0,0.0,0.0
rule_605.json,0.0,,no_motion,0,0,0.0,0.0
rule_606.json,0.0,,no_motion,0,0,0.0,0.0
rule_607.json,0.0,,no_motion,0,0,0.0,0.0
rule_608.json,0.0,,no_motion,0,0,0.0,0.0
rule_609.json,0.0,,no_motion,0,0,0.0,0.0
rule_610.json,0.0,,no_motion,0,0,0.0,0.0
rule_611.json,0.0,,no_motion,0,0,0.0,0.0
rule_612.json,0.0,,no_motion,0,0,0.0,0.0
rule_613.json,0.0,,no_motion,0,0,0.0,0.0
rule_614.json,0.0,,no_motion,0,0,0.0,0.0
rule_615.json,0.0,,no_motion,0,0,0.0,0.0
rule_616.json,0.0,,no_motion,0,0,0.0,0.0
rule_617.json,0.0,,no_motion,0,0,0.0,0.0
rule_618.json,0.0,,no_motion,0,0,0.0,0.0
rule_619.json,0.0,,no_motion,0,0,0.0,0.0
rule_620.json,0.0,,no_motion,0,0,0.0,0.0
rule_621.json,0.0,,no_motion,0,0,0.0,0.0
rule_622.json,0.0,,no_motion,0,0,0.0,0.0
rule_623.json,0.0,,no_motion,0,0,0.0,0.0
rule_624.json,0.0,,no_motion,0,0,0.0,0.0
rule_625.json,0.0,,no_motion,0,0,0.0,0.0
rule_626.json,0.0,,no_motion,0,0,0.0,0.0
rule_627.json,0.0,,no_motion,0,0,0.0,0.0
rule_628.json,0.0,,no_motion,0,0,0.0,0.0
rule_629.json,0.0,,no_motion,0,0,0.0,0.0
rule_630.json,0.0,,no_motion,0,0,0.0,0.0
rule_631.json,0.0,,no_motion,0,0,0.0,0.0
rule_632.json,0.0,,no_motion,0,0,0.0,0.0
rule_633.json,0.0,,no_motion,0,0,0.0,0.0
rule_634.json,0.0,,no_motion,0,0,0.0,0.0
rule_635.json,0.0,,no_motion,0,0,0.0,0.0
rule_636.json,0.0,,no_motion,0,0,0.0,0.0
rule_637.json,0.0,,no_motion,0,0,0.0,0.0
rule_638.json,0.0,,no_motion,0,0,0.0,0.0
rule_639.json,0.0,,no_motion,0,0,0.0,0.0
rule_640.json,0.0,,no_motion,0,0,0.0,0.0
rule_641.json,0.0,,no_motion,0,0,0.0,0.0
rule_642.json,0.0,,no_motion,0,0,0.0,0.0
rule_643.json,0.0,,no_motion,0,0,0.0,0.0
rule_644.json,0.0,,no_motion,0,0,0.0,0.0
rule_645.json,0.0,,no_motion,0,0,0.0,0.0
rule_646.json,0.0,,no_motion,0,0,0.0,0.0
rule_647.json,0.0,,no_motion,0,0,0.0,0.0
rule_648.json,0.0,,no_motion,0,0,0.0,0.0
rule_649.json,0.0,,no_motion,0,0,0.0,0.0
rule_650.json,0.0,,no_motion,0,0,0.0,0.0
rule_651.json,0.0,,no_motion,0,0,0.0,0.0
rule_652.json,0.0,,no_motion,0,0,0.0,0.0
rule_653.json,0.0,,no_motion,0,0,0.0,0.0
rule_654.json,0.0,,no_motion,0,0,0.0,0.0
rule_655.json,0.0,,no_motion,0,0,0.0,0.0
rule_656.json,0.0,,no_motion,0,0,0.0,0.0
rule_657.json,0.0,,no_motion,0,0,0.0,0.0
rule_658.json,0.0,,no_motion,0,0,0.0,0.0
rule_659.json,0.0,,no_motion,0,0,0.0,0.0
rule_660.json,0.0,,no_motion,0,0,0.0,0.0
rule_661.json,0.0,,no_motion,0,0,0.0,0.0
rule_662.json,0.0,,no_motion,0,0,0.0,0.0
rule_663.json,0.0,,no_motion,0,0,0.0,0.0
rule_664.json,0.0,,no_motion,0,0,0.0,0.0
rule_665.json,0.0,,no_motion,0,0,0.0,0.0
rule_666.json,0.0,,no_motion,0,0,0.0,0.0
rule_667.json,0.0,,no_motion,0,0,0.0,0.0
rule_668.json,0.0,,no_motion,0,0,0.0,0.0
rule_669.json,0.0,,no_motion,0,0,0.0,0.0
rule_670.json,0.0,,no_motion,0,0,0.0,0.0
rule_671.json,0.0,,no_motion,0,0,0.0,0.0
rule_672.json,0.0,,no_motion,0,0,0.0,0.0
rule_673.json,0.0,,no_motion,0,0,0.0,0.0
rule_674.json,0.0,,no_motion,0,0,0.0,0.0
rule_675.json,0.0,,no_motion,0,0,0.0,0.0
rule_676.json,0.0,,no_motion,0,0,0.0,0.0
rule_677.json,0.0,,no_motion,0,0,0.0,0.0
rule_678.json,0.0,,no_motion,0,0,0.0,0.0
rule_679.json,0.0,,no_motion,0,0,0.0,0.0
rule_680.json,0.0,,no_motion,0,0,0.0,0.0
rule_681.json,0.0,,no_motion,0,0,0.0,0.0
rule_682.json,0.0,,no_motion,0,0,0.0,0.0
rule_683.json,0.0,,no_motion,0,0,0.0,0.0
rule_684.json,0.0,,no_motion,0,0,0.0,0.0
rule_685.json,0.0,,no_motion,0,0,0.0,0.0
rule_686.json,0.0,,no_motion,0,0,0.0,0.0
rule_687.json,0.0,,no_motion,0,0,0.0,0.0
rule_688.json,0.0,,no_motion,0,0,0.0,0.0
rule_689.json,0.0,,no_motion,0,0,0.0,0.0
rule_690.json,0.0,,no_motion,0,0,0.0,0.0
rule_691.json,0.0,,no_motion,0,0,0.0,0.0
rule_692.json,0.0,,no_motion,0,0,0.0,0.0
rule_693.json,0.0,,no_motion,0,0,0.0,0.0
rule_694.json,0.0,,no_motion,0,0,0.0,0.0
rule_695.json,0.0,,no_motion,0,0,0.0,0.0
rule_696.json,0.0,,no_motion,0,0,0.0,0.0
rule_697.json,0.0,,no_motion,0,0,0.0,0.0
rule_698.json,0.0,,no_motion,0,0,0.0,0.0
rule_699.json,0.0,,no_motion,0,0,0.0,0.0
rule_700.json,0.0,,no_motion,0,0,0.0,0.0
rule_701.json,0.0,,no_motion,0,0,0.0,0.0
rule_702.json,0.0,,no_motion,0,0,0.0,0.0
rule_703.json,0.0,,no_motion,0,0,0.0,0.0
rule_704.json,0.0,,no_motion,0,0,0.0,0.0
rule_705.json,0.0,,no_motion,0,0,0.0,0.0
rule_706.json,0.0,,no_motion,0,0,0.0,0.0
rule_707.json,0.0,,no_motion,0,0,0.0,0.0
rule_708.json,0.0,,no_motion,0,0,0.0,0.0
rule_709.json,0.0,,no_motion,0,0,0.0,0.0
rule_710.json,0.0,,no_motion,0,0,0.0,0.0
rule_711.json,0.0,,no_motion,0,0,0.0,0.0
rule_712.json,0.0,,no_motion,0,0,0.0,0.0
rule_713.json,0.0,,no_motion,0,0,0.0,0.0
rule_714.json,0.0,,no_motion,0,0,0.0,0.0
rule_715.json,0.0,,no_motion,0,0,0.0,0.0
rule_716.json,0.0,,no_motion,0,0,0.0,0.0
rule_717.json,0.0,,no_motion,0,0,0.0,0.0
rule_718.json,0.0,,no_motion,0,0,0.0,0.0
rule_719.json,0.0,,no_motion,0,0,0.0,0.0
rule_720.json,0.0,,no_motion,0,0,0.0,0.0
rule_721.json,0.0,,no_motion,0,0,0.0,0.0
rule_722.json,0.0,,no_motion,0,0,0.0,0.0
rule_723.json,0.0,,no_motion,0,0,0.0,0.0
rule_724.json,0.0,,no_motion,0,0,0.0,0.0
rule_725.json,0.0,,no_motion,0,0,0.0,0.0
rule_726.json,0.0,,no_motion,0,0,0.0,0.0
rule_727.json,0.0,,no_motion,0,0,0.0,0.0
rule_728.json,0.0,,no_motion,0,0,0.0,0.0
rule_729.json,0.0,,no_motion,0,0,0.0,0.0
rule_730.json,0.0,,no_motion,0,0,0.0,0.0
rule_731.json,0.0,,no_motion,0,0,0.0,0.0
rule_732.json,0.0,,no_motion,0,0,0.0,0.0
rule_733.json,0.0,,no_motion,0,0,0.0,0.0
rule_734.json,0.0,,no_motion,0,0,0.0,0.0
rule_735.json,0.0,,no_motion,0,0,0.0,0.0
rule_736.json,0.0,,no_motion,0,0,0.0,0.0
rule_737.json,0.0,,no_motion,0,0,0.0,0.0
rule_738.json,0.0,,no_motion,0,0,0.0,0.0
rule_739.json,0.0,,no_motion,0,0,0.0,0.0
rule_740.json,0.0,,no_motion,0,0,0.0,0.0
rule_741.json,0.0,,no_motion,0,0,0.0,0.0
rule_742.json,0.0,,no_motion,0,0,0.0,0.0
rule_743.json,0.0,,no_motion,0,0,0.0,0.0
rule_744.json,0.0,,no_motion,0,0,0.0,0.0
rule_745.json,0.0,,no_motion,0,0,0.0,0.0
rule_746.json,0.0,,no_motion,0,0,0.0,0.0
rule_747.json,0.0,,no_motion,0,0,0.0,0.0
rule_748.json,0.0,,no_motion,0,0,0.0,0.0
rule_749.json,0.0,,no_motion,0,0,0.0,0.0
rule_750.json,0.0,,no_motion,0,0,0.0,0.0
rule_751.json,0.0,,no_motion,0,0,0.0,0.0
rule_752.json,0.0,,no_motion,0,0,0.0,0.0
rule_753.json,0.0,,no_motion,0,0,0.0,0.0
rule_754.json,0.0,,no_motion,0,0,0.0,0.0
rule_755.json,0.0,,no_motion,0,0,0.0,0.0
rule_756.json,0.0,,no_motion,0,0,0.0,0.0
rule_757.json,0.0,,no_motion,0,0,0.0,0.0
rule_758.json,0.0,,no_motion,0,0,0.0,0.0
rule_759.json,0.0,,no_motion,0,0,0.0,0.0
rule_760.json,0.0,,no_motion,0,0,0.0,0.0
rule_761.json,0.0,,no_motion,0,0,0.0,0.0
rule_762.json,0.0,,no_motion,0,0,0.0,0.0
rule_763.json,0.0,,no_motion,0,0,0.0,0.0
rule_764.json,0.0,,no_motion,0,0,0.0,0.0
rule_765.json,0.0,,no_motion,0,0,0.0,0.0
rule_766.json,0.0,,no_motion,0,0,0.0,0.0
rule_767.json,0.0,,no_motion,0,0,0.0,0.0
rule_768.json,0.0,,no_motion,0,0,0.0,0.0
rule_769.json,0.0,,no_motion,0,0,0.0,0.0
rule_770.json,0.0,,no_motion,0,0,0.0,0.0
rule_771.json,0.0,,no_motion,0,0,0.0,0.0
rule_772.json,0.0,,no_motion,0,0,0.0,0.0
rule_773.json,0.0,,no_motion,0,0,0.0,0.0
rule_774.json,0.0,,no_motion,0,0,0.0,0.0
rule_775.json,0.0,,no_motion,0,0,0.0,0.0
rule_776.json,0.0,,no_motion,0,0,0.0,0.0
rule_777.json,0.0,,no_motion,0,0,0.0,0.0
rule_778.json,0.0,,no_motion,0,0,0.0,0.0
rule_779.json,0.0,,no_motion,0,0,0.0,0.0
rule_780.json,0.0,,no_motion,0,0,0.0,0.0
rule_781.json,0.0,,no_motion,0,0,0.0,0.0
rule_782.json,0.0,,no_motion,0,0,0.0,0.0
rule_783.json,0.0,,no_motion,0,0,0.0,0.0
rule_784.json,0.0,,no_motion,0,0,0.0,0.0
rule_785.json,0.0,,no_motion,0,0,0.0,0.0
rule_786.json,0.0,,no_motion,0,0,0.0,0.0
rule_787.json,0.0,,no_motion,0,0,0.0,0.0
rule_788.json,0.0,,no_motion,0,0,0.0,0.0
rule_789.json,0.0,,no_motion,0,0,0.0,0.0
rule_790.json,0.0,,no_motion,0,0,0.0,0.0
rule_791.json,0.0,,no_motion,0,0,0.0,0.0
rule_792.json,0.0,,no_motion,0,0,0.0,0.0
rule_793.json,0.0,,no_motion,0,0,0.0,0.0
rule_794.json,0.0,,no_motion,0,0,0.0,0.0
rule_795.json,0.0,,no_motion,0,0,0.0,0.0
rule_796.json,0.0,,no_motion,0,0,0.0,0.0
rule_797.json,0.0,,no_motion,0,0,0.0,0.0
rule_798.json,0.0,,no_motion,0,0,0.0,0.0
rule_799.json,0.0,,no_motion,0,0,0.0,0.0
rule_800.json,0.0,,no_motion,0,0,0.0,0.0
rule_801.json,0.0,,no_motion,0,0,0.0,0.0
rule_802.json,0.0,,no_motion,0,0,0.0,0.0
rule_803.json,0.0,,no_motion,0,0,0.0,0.0
rule_804.json,0.0,,no_motion,0,0,0.0,0.0
rule_805.json,0.0,,no_motion,0,0,0.0,0.0
rule_806.json,0.0,,no_motion,0,0,0.0,0.0
rule_807.json,0.0,,no_motion,0,0,0.0,0.0
rule_808.json,0.0,,no_motion,0,0,0.0,0.0
rule_809.json,0.0,,no_motion,0,0,0.0,0.0
rule_810.json,0.0,,no_motion,0,0,0.0,0.0
rule_811.json,0.0,,no_motion,0,0,0.0,0.0
rule_812.json,0.0,,no_motion,0,0,0.0,0.0
rule_813.json,0.0,,no_motion,0,0,0.0,0.0
rule_814.json,0.0,,no_motion,0,0,0.0,0.0
rule_815.json,0.0,,no_motion,0,0,0.0,0.0
rule_816.json,0.0,,no_motion,0,0,0.0,0.0
rule_817.json,0.0,,no_motion,0,0,0.0,0.0
rule_818.json,0.0,,no_motion,0,0,0.0,0.0
rule_819.json,0.0,,no_motion,0,0,0.0,0.0
rule_820.json,0.0,,no_motion,0,0,0.0,0.0
rule_821.json,0.0,,no_motion,0,0,0.0,0.0
rule_822.json,0.0,,no_motion,0,0,0.0,0.0
rule_823.json,0.0,,no_motion,0,0,0.0,0.0
rule_824.json,0.0,,no_motion,0,0,0.0,0.0
rule_825.json,0.0,,no_motion,0,0,0.0,0.0
rule_826.json,0.0,,no_motion,0,0,0.0,0.0
rule_827.json,0.0,,no_motion,0,0,0.0,0.0
rule_828.json,0.0,,no_motion,0,0,0.0,0.0
rule_829.json,0.0,,no_motion,0,0,0.0,0.0
rule_830.json,0.0,,no_motion,0,0,0.0,0.0
rule_831.json,0.0,,no_motion,0,0,0.0,0.0
rule_832.json,0.0,,no_motion,0,0,0.0,0.0
rule_833.json,0.0,,no_motion,0,0,0.0,0.0
rule_834.json,0.0,,no_motion,0,0,0.0,0.0
rule_835.json,0.0,,no_motion,0,0,0.0,0.0
rule_836.json,0.0,,no_motion,0,0,0.0,0.0
rule_837.json,0.0,,no_motion,0,0,0.0,0.0
rule_838.json,0.0,,no_motion,0,0,0.0,0.0
rule_839.json,0.0,,no_motion,0,0,0.0,0.0
rule_840.json,0.0,,no_motion,0,0,0.0,0.0
rule_841.json,0.0,,no_motion,0,0,0.0,0.0
rule_842.json,0.0,,no_motion,0,0,0.0,0.0
rule_843.json,0.0,,no_motion,0,0,0.0,0.0
rule_844.json,0.0,,no_motion,0,0,0.0,0.0
rule_845.json,0.0,,no_motion,0,0,0.0,0.0
rule_846.json,0.0,,no_motion,0,0,0.0,0.0
rule_847.json,0.0,,no_motion,0,0,0.0,0.0
rule_848.json,0.0,,no_motion,0,0,0.0,0.0
rule_849.json,0.0,,no_motion,0,0,0.0,0.0
rule_850.json,0.0,,no_motion,0,0,0.0,0.0
rule_851.json,0.0,,no_motion,0,0,0.0,0.0
rule_852.json,0.0,,no_motion,0,0,0.0,0.0
rule_853.json,0.0,,no_motion,0,0,0.0,0.0
rule_854.json,0.0,,no_motion,0,0,0.0,0.0
rule_855.json,0.0,,no_motion,0,0,0.0,0.0
rule_856.json,0.0,,no_motion,0,0,0.0,0.0
rule_857.json,0.0,,no_motion,0,0,0.0,0.0
rule_858.json,0.0,,no_motion,0,0,0.0,0.0
rule_859.json,0.0,,no_motion,0,0,0.0,0.0
rule_860.json,0.0,,no_motion,0,0,0.0,0.0
rule_861.json,0.0,,no_motion,0,0,0.0,0.0
rule_862.json,0.0,,no_motion,0,0,0.0,0.0
rule_863.json,0.0,,no_motion,0,0,0.0,0.0
rule_864.json,0.0,,no_motion,0,0,0.0,0.0
rule_865.json,0.0,,no_motion,0,0,0.0,0.0
rule_866.json,0.0,,no_motion,0,0,0.0,0.0
rule_867.json,0.0,,no_motion,0,0,0.0,0.0
rule_868.json,0.0,,no_motion,0,0,0.0,0.0
rule_869.json,0.0,,no_motion,0,0,0.0,0.0
rule_870.json,0.0,,no_motion,0,0,0.0,0.0
rule_871.json,0.0,,no_motion,0,0,0.0,0.0
rule_872.json,0.0,,no_motion,0,0,0.0,0.0
rule_873.json,0.0,,no_motion,0,0,0.0,0.0
rule_874.json,0.0,,no_motion,0,0,0.0,0.0
rule_875.json,0.0,,no_motion,0,0,0.0,0.0
rule_876.json,0.0,,no_motion,0,0,0.0,0.0
rule_877.json,0.0,,no_motion,0,0,0.0,0.0
rule_878.json,0.0,,no_motion,0,0,0.0,0.0
rule_879.json,0.0,,no_motion,0,0,0.0,0.0
rule_880.json,0.0,,no_motion,0,0,0.0,0.0
rule_881.json,0.0,,no_motion,0,0,0.0,0.0
rule_882.json,0.0,,no_motion,0,0,0.0,0.0
rule_883.json,0.0,,no_motion,0,0,0.0,0.0
rule_884.json,0.0,,no_motion,0,0,0.0,0.0
rule_885.json,0.0,,no_motion,0,0,0.0,0.0
rule_886.json,0.0,,no_motion,0,0,0.0,0.0
rule_887.json,0.0,,no_motion,0,0,0.0,0.0
rule_888.json,0.0,,no_motion,0,0,0.0,0.0
rule_889.json,0.0,,no_motion,0,0,0.0,0.0
rule_890.json,0.0,,no_motion,0,0,0.0,0.0
rule_891.json,0.0,,no_motion,0,0,0.0,0.0
rule_892.json,0.0,,no_motion,0,0,0.0,0.0
rule_893.json,0.0,,no_motion,0,0,0.0,0.0
rule_894.json,0.0,,no_motion,0,0,0.0,0.0
rule_895.json,0.0,,no_motion,0,0,0.0,0.0
rule_896.json,0.0,,no_motion,0,0,0.0,0.0
rule_897.json,0.0,,no_motion,0,0,0.0,0.0
rule_898.json,0.0,,no_motion,0,0,0.0,0.0
rule_899.json,0.0,,no_motion,0,0,0.0,0.0
rule_900.json,0.0,,no_motion,0,0,0.0,0.0
rule_901.json,0.0,,no_motion,0,0,0.0,0.0
rule_902.json,0.0,,no_motion,0,0,0.0,0.0
rule_903.json,0.0,,no_motion,0,0,0.0,0.0
rule_904.json,0.0,,no_motion,0,0,0.0,0.0
rule_905.json,0.0,,no_motion,0,0,0.0,0.0
rule_906.json,0.0,,no_motion,0,0,0.0,0.0
rule_907.json,0.0,,no_motion,0,0,0.0,0.0
rule_908.json,0.0,,no_motion,0,0,0.0,0.0
rule_909.json,0.0,,no_motion,0,0,0.0,0.0
rule_910.json,0.0,,no_motion,0,0,0.0,0.0
rule_911.json,0.0,,no_motion,0,0,0.0,0.0
rule_912.json,0.0,,no_motion,0,0,0.0,0.0
rule_913.json,0.0,,no_motion,0,0,0.0,0.0
rule_914.json,0.0,,no_motion,0,0,0.0,0.0
rule_915.json,0.0,,no_motion,0,0,0.0,0.0
rule_916.json,0.0,,no_motion,0,0,0.0,0.0
rule_917.json,0.0,,no_motion,0,0,0.0,0.0
rule_918.json,0.0,,no_motion,0,0,0.0,0.0
rule_919.json,0.0,,no_motion,0,0,0.0,0.0
rule_920.json,0.0,,no_motion,0,0,0.0,0.0
rule_921.json,0.0,,no_motion,0,0,0.0,0.0
rule_922.json,0.0,,no_motion,0,0,0.0,0.0
rule_923.json,0.0,,no_motion,0,0,0.0,0.0
rule_924.json,0.0,,no_motion,0,0,0.0,0.0
rule_925.json,0.0,,no_motion,0,0,0.0,0.0
rule_926.json,0.0,,no_motion,0,0,0.0,0.0
rule_927.json,0.0,,no_motion,0,0,0.0,0.0
rule_928.json,0.0,,no_motion,0,0,0.0,0.0
rule_929.json,0.0,,no_motion,0,0,0.0,0.0
rule_930.json,0.0,,no_motion,0,0,0.0,0.0
rule_931.json,0.0,,no_motion,0,0,0.0,0.0
rule_932.json,0.0,,no_motion,0,0,0.0,0.0
rule_933.json,0.0,,no_motion,0,0,0.0,0.0
rule_934.json,0.0,,no_motion,0,0,0.0,0.0
rule_935.json,0.0,,no_motion,0,0,0.0,0.0
rule_936.json,0.0,,no_motion,0,0,0.0,0.0
rule_937.json,0.0,,no_motion,0,0,0.0,0.0
rule_938.json,0.0,,no_motion,0,0,0.0,0.0
rule_939.json,0.0,,no_motion,0,0,0.0,0.0
rule_940.json,0.0,,no_motion,0,0,0.0,0.0
rule_941.json,0.0,,no_motion,0,0,0.0,0.0
rule_942.json,0.0,,no_motion,0,0,0.0,0.0
rule_943.json,0.0,,no_motion,0,0,0.0,0.0
rule_944.json,0.0,,no_motion,0,0,0.0,0.0
rule_945.json,0.0,,no_motion,0,0,0.0,0.0
rule_946.json,0.0,,no_motion,0,0,0.0,0.0
rule_947.json,0.0,,no_motion,0,0,0.0,0.0
rule_948.json,0.0,,no_motion,0,0,0.0,0.0
rule_949.json,0.0,,no_motion,0,0,0.0,0.0
rule_950.json,0.0,,no_motion,0,0,0.0,0.0
rule_951.json,0.0,,no_motion,0,0,0.0,0.0
rule_952.json,0.0,,no_motion,0,0,0.0,0.0
rule_953.json,0.0,,no_motion,0,0,0.0,0.0
rule_954.json,0.0,,no_motion,0,0,0.0,0.0
rule_955.json,0.0,,no_motion,0,0,0.0,0.0
rule_956.json,0.0,,no_motion,0,0,0.0,0.0
rule_957.json,0.0,,no_motion,0,0,0.0,0.0
rule_958.json,0.0,,no_motion,0,0,0.0,0.0
rule_959.json,0.0,,no_motion,0,0,0.0,0.0
rule_960.json,0.0,,no_motion,0,0,0.0,0.0
rule_961.json,0.0,,no_motion,0,0,0.0,0.0
rule_962.json,0.0,,no_motion,0,0,0.0,0.0
rule_963.json,0.0,,no_motion,0,0,0.0,0.0
rule_964.json,0.0,,no_motion,0,0,0.0,0.0
rule_965.json,0.0,,no_motion,0,0,0.0,0.0
rule_966.json,0.0,,no_motion,0,0,0.0,0.0
rule_967.json,0.0,,no_motion,0,0,0.0,0.0
rule_968.json,0.0,,no_motion,0,0,0.0,0.0
rule_969.json,0.0,,no_motion,0,0,0.0,0.0
rule_970.json,0.0,,no_motion,0,0,0.0,0.0
rule_971.json,0.0,,no_motion,0,0,0.0,0.0
rule_972.json,0.0,,no_motion,0,0,0.0,0.0
rule_973.json,0.0,,no_motion,0,0,0.0,0.0
rule_974.json,0.0,,no_motion,0,0,0.0,0.0
rule_975.json,0.0,,no_motion,0,0,0.0,0.0
rule_976.json,0.0,,no_motion,0,0,0.0,0.0
rule_977.json,0.0,,no_motion,0,0,0.0,0.0
rule_978.json,0.0,,no_motion,0,0,0.0,0.0
rule_979.json,0.0,,no_motion,0,0,0.0,0.0
rule_980.json,0.0,,no_motion,0,0,0.0,0.0
rule_981.json,0.0,,no_motion,0,0,0.0,0.0
rule_982.json,0.0,,no_motion,0,0,0.0,0.0
rule_983.json,0.0,,no_motion,0,0,0.0,0.0
rule_984.json,0.0,,no_motion,0,0,0.0,0.0
rule_985.json,0.0,,no_motion,0,0,0.0,0.0
rule_986.json,0.0,,no_motion,0,0,0.0,0.0
rule_987.json,0.0,,no_motion,0,0,0.0,0.0
rule_988.json,0.0,,no_motion,0,0,0.0,0.0
rule_989.json,0.0,,no_motion,0,0,0.0,0.0
rule_990.json,0.0,,no_motion,0,0,0.0,0.0
rule_991.json,0.0,,no_motion,0,0,0.0,0.0
rule_992.json,0.0,,no_motion,0,0,0.0,0.0
rule_993.json,0.0,,no_motion,0,0,0.0,0.0
rule_994.json,0.0,,no_motion,0,0,0.0,0.0
rule_995.json,0.0,,no_motion,0,0,0.0,0.0
rule_996.json,0.0,,no_motion,0,0,0.0,0.0
rule_997.json,0.0,,no_motion,0,0,0.0,0.0
rule_998.json,0.0,,no_motion,0,0,0.0,0.0
rule_999.json,0.0,,no_motion,0,0,0.0,0.0
rule_1000.json,0.0,,no_motion,0,0,0.0,0.0
