step,Y1,Y2,defl_Y1,defl_Y2,separation,mutual_attraction,total_bits,bits_glider1,bits_glider2
0,12.750000,18.750000,-0.250000,-0.250000,+6.000000,+0.000000,8,4,4
1,12.750000,18.750000,-0.250000,-0.250000,+6.000000,+0.000000,8,4,4
2,12.750000,18.750000,-0.250000,-0.250000,+6.000000,+0.000000,8,4,4
3,12.750000,18.750000,-0.250000,-0.250000,+6.000000,+0.000000,8,4,4
4,12.750000,18.750000,-0.250000,-0.250000,+6.000000,+0.000000,8,4,4
5,12.750000,18.750000,-0.250000,-0.250000,+6.000000,+0.000000,8,4,4
6,13.250000,19.250000,+0.250000,+0.250000,+6.000000,+0.000000,8,4,4
7,13.250000,19.250000,+0.250000,+0.250000,+6.000000,+0.000000,8,4,4
8,13.250000,19.250000,+0.250000,+0.250000,+6.000000,+0.000000,8,4,4
9,13.250000,19.250000,+0.250000,+0.250000,+6.000000,+0.000000,8,4,4
10,13.250000,19.250000,+0.250000,+0.250000,+6.000000,+0.000000,8,4,4
11,13.250000,19.250000,+0.250000,+0.250000,+6.000000,+0.000000,8,4,4
12,13.000000,19.000000,+0.000000,+0.000000,+6.000000,+0.000000,8,4,4
13,13.000000,19.000000,+0.000000,+0.000000,+6.000000,+0.000000,8,4,4
14,12.750000,18.750000,-0.250000,-0.250000,+6.000000,+0.000000,8,4,4
15,12.750000,18.750000,-0.250000,-0.250000,+6.000000,+0.000000,8,4,4
16,12.750000,18.750000,-0.250000,-0.250000,+6.000000,+0.000000,8,4,4
17,12.750000,18.750000,-0.250000,-0.250000,+6.000000,+0.000000,8,4,4
18,12.500000,18.500000,-0.500000,-0.500000,+6.000000,+0.000000,8,4,4
19,13.000000,19.000000,+0.000000,+0.000000,+6.000000,+0.000000,8,4,4
20,13.000000,19.000000,+0.000000,+0.000000,+6.000000,+0.000000,8,4,4
21,13.000000,19.000000,+0.000000,+0.000000,+6.000000,+0.000000,8,4,4
22,13.250000,19.250000,+0.250000,+0.250000,+6.000000,+0.000000,8,4,4
23,13.250000,19.250000,+0.250000,+0.250000,+6.000000,+0.000000,8,4,4
24,13.250000,19.250000,+0.250000,+0.250000,+6.000000,+0.000000,8,4,4
25,13.250000,19.250000,+0.250000,+0.250000,+6.000000,+0.000000,8,4,4
26,13.000000,19.000000,+0.000000,+0.000000,+6.000000,+0.000000,8,4,4
27,13.000000,19.000000,+0.000000,+0.000000,+6.000000,+0.000000,8,4,4
28,13.000000,19.000000,+0.000000,+0.000000,+6.000000,+0.000000,8,4,4
29,13.000000,19.000000,+0.000000,+0.000000,+6.000000,+0.000000,8,4,4
30,12.750000,18.750000,-0.250000,-0.250000,+6.000000,+0.000000,8,4,4
31,12.500000,18.500000,-0.500000,-0.500000,+6.000000,+0.000000,8,4,4
32,12.750000,18.750000,-0.250000,-0.250000,+6.000000,+0.000000,8,4,4
33,13.000000,19.000000,+0.000000,+0.000000,+6.000000,+0.000000,8,4,4
34,13.000000,19.000000,+0.000000,+0.000000,+6.000000,+0.000000,8,4,4
35,13.000000,19.000000,+0.000000,+0.000000,+6.000000,+0.000000,8,4,4
36,13.000000,19.000000,+0.000000,+0.000000,+6.000000,+0.000000,8,4,4
37,13.000000,19.000000,+0.000000,+0.000000,+6.000000,+0.000000,8,4,4
38,13.250000,19.000000,+0.250000,+0.000000,+5.750000,+0.250000,8,4,4
39,13.250000,19.250000,+0.250000,+0.250000,+6.000000,+0.000000,8,4,4
40,13.000000,19.000000,+0.000000,+0.000000,+6.000000,+0.000000,8,4,4
41,13.000000,19.000000,+0.000000,+0.000000,+6.000000,+0.000000,8,4,4
42,13.000000,19.000000,+0.000000,+0.000000,+6.000000,+0.000000,8,4,4
43,13.000000,19.000000,+0.000000,+0.000000,+6.000000,+0.000000,8,4,4
44,12.750000,18.750000,-0.250000,-0.250000,+6.000000,+0.000000,8,4,4
45,12.750000,19.000000,-0.250000,+0.000000,+6.250000,-0.250000,8,4,4
46,13.000000,19.000000,+0.000000,+0.000000,+6.000000,+0.000000,8,4,4
47,13.000000,19.000000,+0.000000,+0.000000,+6.000000,+0.000000,8,4,4
48,13.000000,19.000000,+0.000000,+0.000000,+6.000000,+0.000000,8,4,4
49,13.000000,19.000000,+0.000000,+0.000000,+6.000000,+0.000000,8,4,4
50,13.000000,19.000000,+0.000000,+0.000000,+6.000000,+0.000000,8,4,4
51,13.250000,19.000000,+0.250000,+0.000000,+5.750000,+0.250000,8,4,4
52,13.250000,19.000000,+0.250000,+0.000000,+5.750000,+0.250000,8,4,4
53,13.000000,19.000000,+0.000000,+0.000000,+6.000000,+0.000000,8,4,4
54,12.750000,18.750000,-0.250000,-0.250000,+6.000000,+0.000000,8,4,4
55,12.750000,18.750000,-0.250000,-0.250000,+6.000000,+0.000000,8,4,4
56,13.000000,19.000000,+0.000000,+0.000000,+6.000000,+0.000000,8,4,4
57,12.750000,18.750000,-0.250000,-0.250000,+6.000000,+0.000000,8,4,4
58,12.750000,19.000000,-0.250000,+0.000000,+6.250000,-0.250000,8,4,4
59,12.750000,19.000000,-0.250000,+0.000000,+6.250000,-0.250000,8,4,4
60,13.000000,19.000000,+0.000000,+0.000000,+6.000000,+0.000000,8,4,4
61,13.250000,19.250000,+0.250000,+0.250000,+6.000000,+0.000000,8,4,4
62,13.250000,19.250000,+0.250000,+0.250000,+6.000000,+0.000000,8,4,4
63,13.250000,19.250000,+0.250000,+0.250000,+6.000000,+0.000000,8,4,4
64,13.250000,19.000000,+0.250000,+0.000000,+5.750000,+0.250000,8,4,4
65,13.250000,19.000000,+0.250000,+0.000000,+5.750000,+0.250000,8,4,4
66,13.250000,19.000000,+0.250000,+0.000000,+5.750000,+0.250000,8,4,4
67,13.000000,19.000000,+0.000000,+0.000000,+6.000000,+0.000000,8,4,4
68,12.750000,18.750000,-0.250000,-0.250000,+6.000000,+0.000000,8,4,4
69,12.750000,18.750000,-0.250000,-0.250000,+6.000000,+0.000000,8,4,4
70,12.500000,18.500000,-0.500000,-0.500000,+6.000000,+0.000000,8,4,4
71,12.500000,18.750000,-0.500000,-0.250000,+6.250000,-0.250000,8,4,4
72,12.500000,19.000000,-0.500000,+0.000000,+6.500000,-0.500000,8,4,4
73,12.750000,19.000000,-0.250000,+0.000000,+6.250000,-0.250000,8,4,4
74,13.000000,19.000000,+0.000000,+0.000000,+6.000000,+0.000000,8,4,4
75,13.250000,19.250000,+0.250000,+0.250000,+6.000000,+0.000000,8,4,4
76,13.250000,19.250000,+0.250000,+0.250000,+6.000000,+0.000000,8,4,4
77,13.500000,19.250000,+0.500000,+0.250000,+5.750000,+0.250000,8,4,4
78,13.500000,19.250000,+0.500000,+0.250000,+5.750000,+0.250000,8,4,4
79,13.500000,19.250000,+0.500000,+0.250000,+5.750000,+0.250000,8,4,4
80,13.500000,19.000000,+0.500000,+0.000000,+5.500000,+0.500000,8,4,4
81,13.000000,19.000000,+0.000000,+0.000000,+6.000000,+0.000000,8,4,4
82,12.750000,18.750000,-0.250000,-0.250000,+6.000000,+0.000000,8,4,4
83,12.500000,18.500000,-0.500000,-0.500000,+6.000000,+0.000000,8,4,4
84,12.500000,18.750000,-0.500000,-0.250000,+6.250000,-0.250000,8,4,4
85,12.500000,18.750000,-0.500000,-0.250000,+6.250000,-0.250000,8,4,4
86,12.500000,18.750000,-0.500000,-0.250000,+6.250000,-0.250000,8,4,4
87,12.500000,18.750000,-0.500000,-0.250000,+6.250000,-0.250000,8,4,4
88,12.750000,19.000000,-0.250000,+0.000000,+6.250000,-0.250000,8,4,4
89,13.250000,19.250000,+0.250000,+0.250000,+6.000000,+0.000000,8,4,4
90,13.500000,19.250000,+0.500000,+0.250000,+5.750000,+0.250000,8,4,4
91,13.500000,19.250000,+0.500000,+0.250000,+5.750000,+0.250000,8,4,4
92,13.500000,19.250000,+0.500000,+0.250000,+5.750000,+0.250000,8,4,4
93,13.500000,19.250000,+0.500000,+0.250000,+5.750000,+0.250000,8,4,4
94,13.500000,19.250000,+0.500000,+0.250000,+5.750000,+0.250000,8,4,4
95,13.250000,19.250000,+0.250000,+0.250000,+6.000000,+0.000000,8,4,4
96,12.750000,18.500000,-0.250000,-0.500000,+5.750000,+0.250000,8,4,4
97,12.500000,18.750000,-0.500000,-0.250000,+6.250000,-0.250000,8,4,4
98,12.500000,18.750000,-0.500000,-0.250000,+6.250000,-0.250000,8,4,4
99,12.500000,18.750000,-0.500000,-0.250000,+6.250000,-0.250000,8,4,4
100,12.500000,18.750000,-0.500000,-0.250000,+6.250000,-0.250000,8,4,4
101,12.500000,18.750000,-0.500000,-0.250000,+6.250000,-0.250000,8,4,4
102,12.750000,18.750000,-0.250000,-0.250000,+6.000000,+0.000000,8,4,4
103,13.250000,19.000000,+0.250000,+0.000000,+5.750000,+0.250000,8,4,4
104,13.250000,19.250000,+0.250000,+0.250000,+6.000000,+0.000000,8,4,4
105,13.500000,19.250000,+0.500000,+0.250000,+5.750000,+0.250000,8,4,4
106,13.500000,19.250000,+0.500000,+0.250000,+5.750000,+0.250000,8,4,4
107,13.500000,19.250000,+0.500000,+0.250000,+5.750000,+0.250000,8,4,4
108,13.500000,19.250000,+0.500000,+0.250000,+5.750000,+0.250000,8,4,4
109,13.000000,19.000000,+0.000000,+0.000000,+6.000000,+0.000000,8,4,4
110,12.750000,19.000000,-0.250000,+0.000000,+6.250000,-0.250000,8,4,4
111,12.750000,18.750000,-0.250000,-0.250000,+6.000000,+0.000000,8,4,4
112,12.750000,18.750000,-0.250000,-0.250000,+6.000000,+0.000000,8,4,4
113,12.500000,18.750000,-0.500000,-0.250000,+6.250000,-0.250000,8,4,4
114,12.500000,18.750000,-0.500000,-0.250000,+6.250000,-0.250000,8,4,4
115,12.500000,18.750000,-0.500000,-0.250000,+6.250000,-0.250000,8,4,4
116,13.000000,18.750000,+0.000000,-0.250000,+5.750000,+0.250000,8,4,4
117,13.250000,19.000000,+0.250000,+0.000000,+5.750000,+0.250000,8,4,4
118,13.250000,19.000000,+0.250000,+0.000000,+5.750000,+0.250000,8,4,4
119,13.250000,19.250000,+0.250000,+0.250000,+6.000000,+0.000000,8,4,4
120,13.250000,19.250000,+0.250000,+0.250000,+6.000000,+0.000000,8,4,4
