step,bit_count
0,3
1,6
2,6
3,9
4,6
5,15
6,9
7,18
8,6
9,15
10,15
11,24
12,9
13,24
14,18
15,33
16,6
17,15
18,15
19,24
20,15
21,42
22,24
23,51
24,9
25,24
26,24
27,39
28,18
29,51
30,33
31,66
32,6
33,15
34,15
35,24
36,15
37,42
38,24
39,51
40,15
41,42
42,42
43,69
44,24
45,69
46,51
47,96
48,9
49,24
50,24
51,39
52,24
53,69
54,39
55,84
56,18
57,51
58,51
59,84
60,33
61,96
62,66
63,129
64,3
65,6
66,6
67,9
68,6
69,15
70,9
71,18
72,6
73,15
74,15
75,24
76,9
77,24
78,18
79,33
80,6
81,15
82,15
83,24
84,15
85,42
86,24
87,51
88,9
89,24
90,24
91,39
92,18
93,51
94,33
95,66
96,6
97,15
98,15
99,24
100,15
101,42
102,24
103,51
104,15
105,42
106,42
107,69
108,24
109,69
110,51
111,96
112,9
113,24
114,24
115,39
116,24
117,69
118,39
119,84
120,18
121,51
122,51
123,84
124,33
125,96
126,66
127,129
128,3
129,6
130,6
131,9
132,6
133,15
134,9
135,18
136,6
137,15
138,15
139,24
140,9
141,24
142,18
143,33
144,6
145,15
146,15
147,24
148,15
149,42
150,24
151,51
152,9
153,24
154,24
155,39
156,18
157,51
158,33
159,66
160,6
161,15
162,15
163,24
164,15
165,42
166,24
167,51
168,15
169,42
170,42
171,69
172,24
173,69
174,51
175,96
176,9
177,24
178,24
179,39
180,24
181,69
182,39
183,84
184,18
185,51
186,51
187,84
188,33
189,96
190,66
191,129
192,3
193,6
194,6
195,9
196,6
197,15
198,9
199,18
200,6
201,15
202,15
203,24
204,9
205,24
206,18
207,33
208,6
209,15
210,15
211,24
212,15
213,42
214,24
215,51
216,9
217,24
218,24
219,39
220,18
221,51
222,33
223,66
224,6
225,15
226,15
227,24
228,15
229,42
230,24
231,51
232,15
233,42
234,42
235,69
236,24
237,69
238,51
239,96
240,9
241,24
242,24
243,39
244,24
245,69
246,39
247,84
248,18
249,51
250,51
251,84
252,33
253,96
254,66
255,129
256,3
257,6
258,6
259,9
260,6
261,15
262,9
263,18
264,6
265,15
266,15
267,24
268,9
269,24
270,18
271,33
272,6
273,15
274,15
275,24
276,15
277,42
278,24
279,51
280,9
281,24
282,24
283,39
284,18
285,51
286,33
287,66
288,6
289,15
290,15
291,24
292,15
293,42
294,24
295,51
296,15
297,42
298,42
299,69
300,24
301,69
302,51
303,96
304,9
305,24
306,24
307,39
308,24
309,69
310,39
311,84
312,18
313,51
314,51
315,84
316,33
317,96
318,66
319,129
320,3
321,6
322,6
323,9
324,6
325,15
326,9
327,18
328,6
329,15
330,15
331,24
332,9
333,24
334,18
335,33
336,6
337,15
338,15
339,24
340,15
341,42
342,24
343,51
344,9
345,24
346,24
347,39
348,18
349,51
350,33
351,66
352,6
353,15
354,15
355,24
356,15
357,42
358,24
359,51
360,15
361,42
362,42
363,69
364,24
365,69
366,51
367,96
368,9
369,24
370,24
371,39
372,24
373,69
374,39
375,84
376,18
377,51
378,51
379,84
380,33
381,96
382,66
383,129
384,3
385,6
386,6
387,9
388,6
389,15
390,9
391,18
392,6
393,15
394,15
395,24
396,9
397,24
398,18
399,33
400,6
401,15
402,15
403,24
404,15
405,42
406,24
407,51
408,9
409,24
410,24
411,39
412,18
413,51
414,33
415,66
416,6
417,15
418,15
419,24
420,15
421,42
422,24
423,51
424,15
425,42
426,42
427,69
428,24
429,69
430,51
431,96
432,9
433,24
434,24
435,39
436,24
437,69
438,39
439,84
440,18
441,51
442,51
443,84
444,33
445,96
446,66
447,129
448,3
449,6
450,6
451,9
452,6
453,15
454,9
455,18
456,6
457,15
458,15
459,24
460,9
461,24
462,18
463,33
464,6
465,15
466,15
467,24
468,15
469,42
470,24
471,51
472,9
473,24
474,24
475,39
476,18
477,51
478,33
479,66
480,6
481,15
482,15
483,24
484,15
485,42
486,24
487,51
488,15
489,42
490,42
491,69
492,24
493,69
494,51
495,96
496,9
497,24
498,24
499,39
500,24
501,69
502,39
503,84
504,18
505,51
506,51
507,84
508,33
509,96
510,66
511,129
512,3
513,6
514,6
515,9
516,6
517,15
518,9
519,18
520,6
521,15
522,15
523,24
524,9
525,24
526,18
527,33
528,6
529,15
530,15
531,24
532,15
533,42
534,24
535,51
536,9
537,24
538,24
539,39
540,18
541,51
542,33
543,66
544,6
545,15
546,15
547,24
548,15
549,42
550,24
551,51
552,15
553,42
554,42
555,69
556,24
557,69
558,51
559,96
560,9
561,24
562,24
563,39
564,24
565,69
566,39
567,84
568,18
569,51
570,51
571,84
572,33
573,96
574,66
575,129
576,3
577,6
578,6
579,9
580,6
581,15
582,9
583,18
584,6
585,15
586,15
587,24
588,9
589,24
590,18
591,33
592,6
593,15
594,15
595,24
596,15
597,42
598,24
599,51
600,9
601,24
602,24
603,39
604,18
605,51
606,33
607,66
608,6
609,15
610,15
611,24
612,15
613,42
614,24
615,51
616,15
617,42
618,42
619,69
620,24
621,69
622,51
623,96
624,9
625,24
626,24
627,39
628,24
629,69
630,39
631,84
632,18
633,51
634,51
635,84
636,33
637,96
638,66
639,129
640,3
641,6
642,6
643,9
644,6
645,15
646,9
647,18
648,6
649,15
650,15
651,24
652,9
653,24
654,18
655,33
656,6
657,15
658,15
659,24
660,15
661,42
662,24
663,51
664,9
665,24
666,24
667,39
668,18
669,51
670,33
671,66
672,6
673,15
674,15
675,24
676,15
677,42
678,24
679,51
680,15
681,42
682,42
683,69
684,24
685,69
686,51
687,96
688,9
689,24
690,24
691,39
692,24
693,69
694,39
695,84
696,18
697,51
698,51
699,84
700,33
701,96
702,66
703,129
704,3
705,6
706,6
707,9
708,6
709,15
710,9
711,18
712,6
713,15
714,15
715,24
716,9
717,24
718,18
719,33
720,6
721,15
722,15
723,24
724,15
725,42
726,24
727,51
728,9
729,24
730,24
731,39
732,18
733,51
734,33
735,66
736,6
737,15
738,15
739,24
740,15
741,42
742,24
743,51
744,15
745,42
746,42
747,69
748,24
749,69
750,51
751,96
752,9
753,24
754,24
755,39
756,24
757,69
758,39
759,84
760,18
761,51
762,51
763,84
764,33
765,96
766,66
767,129
768,3
769,6
770,6
771,9
772,6
773,15
774,9
775,18
776,6
777,15
778,15
779,24
780,9
781,24
782,18
783,33
784,6
785,15
786,15
787,24
788,15
789,42
790,24
791,51
792,9
793,24
794,24
795,39
796,18
797,51
798,33
799,66
800,6
801,15
802,15
803,24
804,15
805,42
806,24
807,51
808,15
809,42
810,42
811,69
812,24
813,69
814,51
815,96
816,9
817,24
818,24
819,39
820,24
821,69
822,39
823,84
824,18
825,51
826,51
827,84
828,33
829,96
830,66
831,129
832,3
833,6
834,6
835,9
836,6
837,15
838,9
839,18
840,6
841,15
842,15
843,24
844,9
845,24
846,18
847,33
848,6
849,15
850,15
851,24
852,15
853,42
854,24
855,51
856,9
857,24
858,24
859,39
860,18
861,51
862,33
863,66
864,6
865,15
866,15
867,24
868,15
869,42
870,24
871,51
872,15
873,42
874,42
875,69
876,24
877,69
878,51
879,96
880,9
881,24
882,24
883,39
884,24
885,69
886,39
887,84
888,18
889,51
890,51
891,84
892,33
893,96
894,66
895,129
896,3
897,6
898,6
899,9
900,6
901,15
902,9
903,18
904,6
905,15
906,15
907,24
908,9
909,24
910,18
911,33
912,6
913,15
914,15
915,24
916,15
917,42
918,24
919,51
920,9
921,24
922,24
923,39
924,18
925,51
926,33
927,66
928,6
929,15
930,15
931,24
932,15
933,42
934,24
935,51
936,15
937,42
938,42
939,69
940,24
941,69
942,51
943,96
944,9
945,24
946,24
947,39
948,24
949,69
950,39
951,84
952,18
953,51
954,51
955,84
956,33
957,96
958,66
959,129
960,3
961,6
962,6
963,9
964,6
965,15
966,9
967,18
968,6
969,15
970,15
971,24
972,9
973,24
974,18
975,33
976,6
977,15
978,15
979,24
980,15
981,42
982,24
983,51
984,9
985,24
986,24
987,39
988,18
989,51
990,33
991,66
992,6
993,15
994,15
995,24
996,15
997,42
998,24
999,51
1000,15
1001,42
1002,42
1003,69
1004,24
1005,69
1006,51
1007,96
1008,9
1009,24
1010,24
1011,39
1012,24
1013,69
1014,39
1015,84
1016,18
1017,51
1018,51
1019,84
1020,33
1021,96
1022,66
1023,129
1024,3
1025,6
1026,6
1027,9
1028,6
1029,15
1030,9
1031,18
1032,6
1033,15
1034,15
1035,24
1036,9
1037,24
1038,18
1039,33
1040,6
1041,15
1042,15
1043,24
1044,15
1045,42
1046,24
1047,51
1048,9
1049,24
1050,24
1051,39
1052,18
1053,51
1054,33
1055,66
1056,6
1057,15
1058,15
1059,24
1060,15
1061,42
1062,24
1063,51
1064,15
1065,42
1066,42
1067,69
1068,24
1069,69
1070,51
1071,96
1072,9
1073,24
1074,24
1075,39
1076,24
1077,69
1078,39
1079,84
1080,18
1081,51
1082,51
1083,84
1084,33
1085,96
1086,66
1087,129
1088,3
1089,6
1090,6
1091,9
1092,6
1093,15
1094,9
1095,18
1096,6
1097,15
1098,15
1099,24
1100,9
1101,24
1102,18
1103,33
1104,6
1105,15
1106,15
1107,24
1108,15
1109,42
1110,24
1111,51
1112,9
1113,24
1114,24
1115,39
1116,18
1117,51
1118,33
1119,66
1120,6
1121,15
1122,15
1123,24
1124,15
1125,42
1126,24
1127,51
1128,15
1129,42
1130,42
1131,69
1132,24
1133,69
1134,51
1135,96
1136,9
1137,24
1138,24
1139,39
1140,24
1141,69
1142,39
1143,84
1144,18
1145,51
1146,51
1147,84
1148,33
1149,96
1150,66
1151,129
1152,3
1153,6
1154,6
1155,9
1156,6
1157,15
1158,9
1159,18
1160,6
1161,15
1162,15
1163,24
1164,9
1165,24
1166,18
1167,33
1168,6
1169,15
1170,15
1171,24
1172,15
1173,42
1174,24
1175,51
1176,9
1177,24
1178,24
1179,39
1180,18
1181,51
1182,33
1183,66
1184,6
1185,15
1186,15
1187,24
1188,15
1189,42
1190,24
1191,51
1192,15
1193,42
1194,42
1195,69
1196,24
1197,69
1198,51
1199,96
1200,9
1201,24
1202,24
1203,39
1204,24
1205,69
1206,39
1207,84
1208,18
1209,51
1210,51
1211,84
1212,33
1213,96
1214,66
1215,129
1216,3
1217,6
1218,6
1219,9
1220,6
1221,15
1222,9
1223,18
1224,6
1225,15
1226,15
1227,24
1228,9
1229,24
1230,18
1231,33
1232,6
1233,15
1234,15
1235,24
1236,15
1237,42
1238,24
1239,51
1240,9
1241,24
1242,24
1243,39
1244,18
1245,51
1246,33
1247,66
1248,6
1249,15
1250,15
1251,24
1252,15
1253,42
1254,24
1255,51
1256,15
1257,42
1258,42
1259,69
1260,24
1261,69
1262,51
1263,96
1264,9
1265,24
1266,24
1267,39
1268,24
1269,69
1270,39
1271,84
1272,18
1273,51
1274,51
1275,84
1276,33
1277,96
1278,66
1279,129
1280,3
1281,6
1282,6
1283,9
1284,6
1285,15
1286,9
1287,18
1288,6
1289,15
1290,15
1291,24
1292,9
1293,24
1294,18
1295,33
1296,6
1297,15
1298,15
1299,24
1300,15
1301,42
1302,24
1303,51
1304,9
1305,24
1306,24
1307,39
1308,18
1309,51
1310,33
1311,66
1312,6
1313,15
1314,15
1315,24
1316,15
1317,42
1318,24
1319,51
1320,15
1321,42
1322,42
1323,69
1324,24
1325,69
1326,51
1327,96
1328,9
1329,24
1330,24
1331,39
1332,24
1333,69
1334,39
1335,84
1336,18
1337,51
1338,51
1339,84
1340,33
1341,96
1342,66
1343,129
1344,3
1345,6
1346,6
1347,9
1348,6
1349,15
1350,9
1351,18
1352,6
1353,15
1354,15
1355,24
1356,9
1357,24
1358,18
1359,33
1360,6
1361,15
1362,15
1363,24
1364,15
1365,42
1366,24
1367,51
1368,9
1369,24
1370,24
1371,39
1372,18
1373,51
1374,33
1375,66
1376,6
1377,15
1378,15
1379,24
1380,15
1381,42
1382,24
1383,51
1384,15
1385,42
1386,42
1387,69
1388,24
1389,69
1390,51
1391,96
1392,9
1393,24
1394,24
1395,39
1396,24
1397,69
1398,39
1399,84
1400,18
1401,51
1402,51
1403,84
1404,33
1405,96
1406,66
1407,129
1408,3
1409,6
1410,6
1411,9
1412,6
1413,15
1414,9
1415,18
1416,6
1417,15
1418,15
1419,24
1420,9
1421,24
1422,18
1423,33
1424,6
1425,15
1426,15
1427,24
1428,15
1429,42
1430,24
1431,51
1432,9
1433,24
1434,24
1435,39
1436,18
1437,51
1438,33
1439,66
1440,6
1441,15
1442,15
1443,24
1444,15
1445,42
1446,24
1447,51
1448,15
1449,42
1450,42
1451,69
1452,24
1453,69
1454,51
1455,96
1456,9
1457,24
1458,24
1459,39
1460,24
1461,69
1462,39
1463,84
1464,18
1465,51
1466,51
1467,84
1468,33
1469,96
1470,66
1471,129
1472,3
1473,6
1474,6
1475,9
1476,6
1477,15
1478,9
1479,18
1480,6
1481,15
1482,15
1483,24
1484,9
1485,24
1486,18
1487,33
1488,6
1489,15
1490,15
1491,24
1492,15
1493,42
1494,24
1495,51
1496,9
1497,24
1498,24
1499,39
1500,18
1501,51
1502,33
1503,66
1504,6
1505,15
1506,15
1507,24
1508,15
1509,42
1510,24
1511,51
1512,15
1513,42
1514,42
1515,69
1516,24
1517,69
1518,51
1519,96
1520,9
1521,24
1522,24
1523,39
1524,24
1525,69
1526,39
1527,84
1528,18
1529,51
1530,51
1531,84
1532,33
1533,96
1534,66
1535,129
1536,3
1537,6
1538,6
1539,9
1540,6
1541,15
1542,9
1543,18
1544,6
1545,15
1546,15
1547,24
1548,9
1549,24
1550,18
1551,33
1552,6
1553,15
1554,15
1555,24
1556,15
1557,42
1558,24
1559,51
1560,9
1561,24
1562,24
1563,39
1564,18
1565,51
1566,33
1567,66
1568,6
1569,15
1570,15
1571,24
1572,15
1573,42
1574,24
1575,51
1576,15
1577,42
1578,42
1579,69
1580,24
1581,69
1582,51
1583,96
1584,9
1585,24
1586,24
1587,39
1588,24
1589,69
1590,39
1591,84
1592,18
1593,51
1594,51
1595,84
1596,33
1597,96
1598,66
1599,129
1600,3
1601,6
1602,6
1603,9
1604,6
1605,15
1606,9
1607,18
1608,6
1609,15
1610,15
1611,24
1612,9
1613,24
1614,18
1615,33
1616,6
1617,15
1618,15
1619,24
1620,15
1621,42
1622,24
1623,51
1624,9
1625,24
1626,24
1627,39
1628,18
1629,51
1630,33
1631,66
1632,6
1633,15
1634,15
1635,24
1636,15
1637,42
1638,24
1639,51
1640,15
1641,42
1642,42
1643,69
1644,24
1645,69
1646,51
1647,96
1648,9
1649,24
1650,24
1651,39
1652,24
1653,69
1654,39
1655,84
1656,18
1657,51
1658,51
1659,84
1660,33
1661,96
1662,66
1663,129
1664,3
1665,6
1666,6
1667,9
1668,6
1669,15
1670,9
1671,18
1672,6
1673,15
1674,15
1675,24
1676,9
1677,24
1678,18
1679,33
1680,6
1681,15
1682,15
1683,24
1684,15
1685,42
1686,24
1687,51
1688,9
1689,24
1690,24
1691,39
1692,18
1693,51
1694,33
1695,66
1696,6
1697,15
1698,15
1699,24
1700,15
1701,42
1702,24
1703,51
1704,15
1705,42
1706,42
1707,69
1708,24
1709,69
1710,51
1711,96
1712,9
1713,24
1714,24
1715,39
1716,24
1717,69
1718,39
1719,84
1720,18
1721,51
1722,51
1723,84
1724,33
1725,96
1726,66
1727,129
1728,3
1729,6
1730,6
1731,9
1732,6
1733,15
1734,9
1735,18
1736,6
1737,15
1738,15
1739,24
1740,9
1741,24
1742,18
1743,33
1744,6
1745,15
1746,15
1747,24
1748,15
1749,42
1750,24
1751,51
1752,9
1753,24
1754,24
1755,39
1756,18
1757,51
1758,33
1759,66
1760,6
1761,15
1762,15
1763,24
1764,15
1765,42
1766,24
1767,51
1768,15
1769,42
1770,42
1771,69
1772,24
1773,69
1774,51
1775,96
1776,9
1777,24
1778,24
1779,39
1780,24
1781,69
1782,39
1783,84
1784,18
1785,51
1786,51
1787,84
1788,33
1789,96
1790,66
1791,129
1792,3
1793,6
1794,6
1795,9
1796,6
1797,15
1798,9
1799,18
1800,6
1801,15
1802,15
1803,24
1804,9
1805,24
1806,18
1807,33
1808,6
1809,15
1810,15
1811,24
1812,15
1813,42
1814,24
1815,51
1816,9
1817,24
1818,24
1819,39
1820,18
1821,51
1822,33
1823,66
1824,6
1825,15
1826,15
1827,24
1828,15
1829,42
1830,24
1831,51
1832,15
1833,42
1834,42
1835,69
1836,24
1837,69
1838,51
1839,96
1840,9
1841,24
1842,24
1843,39
1844,24
1845,69
1846,39
1847,84
1848,18
1849,51
1850,51
1851,84
1852,33
1853,96
1854,66
1855,129
1856,3
1857,6
1858,6
1859,9
1860,6
1861,15
1862,9
1863,18
1864,6
1865,15
1866,15
1867,24
1868,9
1869,24
1870,18
1871,33
1872,6
1873,15
1874,15
1875,24
1876,15
1877,42
1878,24
1879,51
1880,9
1881,24
1882,24
1883,39
1884,18
1885,51
1886,33
1887,66
1888,6
1889,15
1890,15
1891,24
1892,15
1893,42
1894,24
1895,51
1896,15
1897,42
1898,42
1899,69
1900,24
1901,69
1902,51
1903,96
1904,9
1905,24
1906,24
1907,39
1908,24
1909,69
1910,39
1911,84
1912,18
1913,51
1914,51
1915,84
1916,33
1917,96
1918,66
1919,129
1920,3
1921,6
1922,6
1923,9
1924,6
1925,15
1926,9
1927,18
1928,6
1929,15
1930,15
1931,24
1932,9
1933,24
1934,18
1935,33
1936,6
1937,15
1938,15
1939,24
1940,15
1941,42
1942,24
1943,51
1944,9
1945,24
1946,24
1947,39
1948,18
1949,51
1950,33
1951,66
1952,6
1953,15
1954,15
1955,24
1956,15
1957,42
1958,24
1959,51
1960,15
1961,42
1962,42
1963,69
1964,24
1965,69
1966,51
1967,96
1968,9
1969,24
1970,24
1971,39
1972,24
1973,69
1974,39
1975,84
1976,18
1977,51
1978,51
1979,84
1980,33
1981,96
1982,66
1983,129
1984,3
1985,6
1986,6
1987,9
1988,6
1989,15
1990,9
1991,18
1992,6
1993,15
1994,15
1995,24
1996,9
1997,24
1998,18
1999,33
2000,6
